id,tegangan_R,tegangan_S,tegangan_T,arus_R,arus_S,arus_T,daya_R,daya_S,daya_T,frekuensi_R,frekuensi_S,frekuensi_T,arus_netral,avg,rasio_R,rasio_S,rasio_T,persen,Kondisi
1,227.96,229.12,212.66,5.02,5.65,5.12,1087.14,1229.80,1034.38,50.17,49.65,49.68,0.59,5.26,0.953768207726409,1.07346421785941,0.972767574414186,4.89761452396031,Seimbang
2,225.60,211.36,230.37,5.67,5.43,5.11,1215.19,1090.30,1118.33,50.80,49.07,50.10,0.49,5.40333333333333,1.04935225169648,1.00493522516965,0.945712523133868,3.6191651244088,Seimbang
3,215.55,228.78,224.95,9.33,9.56,9.48,1910.53,2077.78,2025.90,50.19,50.23,50.27,0.20,9.45666666666667,0.986605569263306,1.01092703560099,1.00246739513571,0.892962049112915,Seimbang
4,217.76,221.96,213.59,8.66,9.69,8.14,1791.51,2043.25,1651.69,49.41,50.52,50.93,1.37,8.83,0.98074745186863,1.09739524348811,0.921857304643262,6.49301623254058,Seimbang
5,233.13,220.22,213.45,4.20,3.78,3.75,930.19,790.81,760.42,49.72,50.60,50.45,0.44,3.91,1.07416879795396,0.966751918158568,0.959079283887468,4.94458653026429,Seimbang
6,225.26,234.79,214.03,7.97,8.85,9.76,1705.56,1974.00,1984.49,50.46,50.08,49.71,1.55,8.86,0.899548532731377,0.998871331828443,1.10158013544018,6.77200902934537,Seimbang
7,213.60,228.55,229.96,8.68,7.73,6.92,1761.35,1678.36,1511.76,49.46,49.46,50.33,1.53,7.77666666666667,1.11615945135019,0.993999142734677,0.889841405915131,7.74396342334619,Seimbang
8,228.03,233.86,225.10,8.90,8.71,8.84,1927.99,1935.07,1890.39,49.52,49.55,50.22,0.17,8.81666666666667,1.00945179584121,0.987901701323251,1.00264650283554,0.806553245116559,Seimbang
9,219.76,234.10,226.70,9.35,8.96,8.99,1952.02,1992.66,1936.13,49.99,50.04,49.27,0.38,9.1,1.02747252747253,0.984615384615385,0.987912087912088,1.83150183150182,Seimbang
10,224.17,234.21,215.61,6.05,6.68,6.40,1288.42,1486.30,1310.91,50.64,49.16,50.44,0.55,6.37666666666667,0.948771562990068,1.04756926293779,1.00365917407214,3.41522913399548,Seimbang
11,231.89,218.46,227.15,7.58,8.91,8.76,1669.84,1849.15,1890.34,50.38,49.18,50.39,1.26,8.41666666666667,0.900594059405941,1.05861386138614,1.04079207920792,6.62706270627063,Seimbang
12,233.25,235.69,226.11,7.61,8.67,8.53,1686.28,1941.26,1832.28,50.33,49.96,50.20,1.00,8.27,0.920193470374849,1.04836759371221,1.03143893591294,5.32043530834341,Seimbang
13,224.81,237.92,228.32,6.42,6.31,7.20,1371.12,1426.21,1561.71,49.18,49.40,50.16,0.84,6.64333333333333,0.966382338183643,0.94982438534872,1.08379327646764,5.58621843117579,Seimbang
14,212.22,210.70,221.94,8.32,8.46,8.79,1677.39,1693.40,1853.31,49.10,50.97,50.28,0.42,8.52333333333333,0.976143918654673,0.992569417285882,1.03128666405944,2.08577760396297,Seimbang
15,212.71,238.87,211.01,8.36,7.50,9.34,1689.34,1701.95,1872.29,49.84,50.47,50.98,1.59,8.4,0.995238095238095,0.892857142857143,1.11190476190476,7.46031746031747,Seimbang
16,218.43,238.24,213.05,4.32,4.66,4.85,896.44,1054.69,981.63,49.58,49.02,50.65,0.47,4.61,0.937093275488069,1.01084598698482,1.05206073752711,4.1937816341287,Seimbang
17,233.17,213.02,215.20,6.52,6.72,6.23,1444.25,1359.92,1273.66,50.33,50.39,50.17,0.43,6.49,1.00462249614792,1.03543913713405,0.959938366718028,2.67077555213149,Seimbang
18,219.93,228.87,215.13,8.71,8.23,8.52,1819.81,1789.42,1741.26,49.21,50.12,50.19,0.42,8.48666666666667,1.02631578947368,0.969756480754124,1.00392772977219,2.01623461639172,Seimbang
19,233.14,235.35,213.36,7.47,8.87,8.08,1654.48,1983.18,1637.75,50.19,49.48,49.05,1.22,8.14,0.917690417690418,1.08968058968059,0.992628992628993,5.97870597870597,Seimbang
20,239.10,212.35,233.98,9.06,9.21,9.49,2057.93,1857.96,2109.45,49.54,49.90,50.44,0.38,9.25333333333333,0.979106628242075,0.995317002881844,1.02557636887608,1.70509125840537,Seimbang
21,228.70,230.90,217.74,7.90,8.12,7.08,1716.39,1781.16,1464.52,50.54,50.40,49.78,0.95,7.7,1.02597402597403,1.05454545454545,0.91948051948052,5.36796536796537,Seimbang
22,211.74,225.49,216.19,5.65,5.42,4.82,1136.51,1161.05,989.93,50.63,50.37,50.16,0.74,5.29666666666667,1.0667086217747,1.02328508495909,0.910006293266205,5.99958044891965,Seimbang
23,219.13,222.27,211.83,4.63,5.12,4.52,963.84,1081.12,909.60,49.59,49.16,50.29,0.55,4.75666666666667,0.973370707778556,1.07638402242467,0.950245269796776,5.09226816164448,Seimbang
24,221.66,221.65,220.68,3.04,3.33,3.04,640.15,701.19,637.32,49.17,49.54,49.71,0.29,3.13666666666667,0.969181721572795,1.06163655685441,0.969181721572795,4.10910379029401,Seimbang
25,211.91,236.32,230.06,2.38,2.41,2.56,479.13,541.05,559.51,49.15,49.02,49.99,0.17,2.45,0.971428571428572,0.983673469387755,1.04489795918367,2.99319727891156,Seimbang
26,211.03,215.20,216.34,6.06,5.31,5.69,1214.90,1085.58,1169.43,50.30,50.54,50.13,0.65,5.68666666666667,1.06565064478312,0.933763188745604,1.00058616647128,4.41578741695975,Seimbang
27,213.66,224.75,210.60,8.85,7.51,8.24,1796.35,1603.48,1648.58,49.55,50.74,50.42,1.16,8.2,1.07926829268293,0.915853658536585,1.00487804878049,5.60975609756098,Seimbang
28,222.83,222.87,227.44,4.33,4.28,4.16,916.61,906.19,898.84,49.27,49.21,49.16,0.15,4.25666666666667,1.01722787783868,1.00548159749413,0.977290524667189,1.51396502218742,Seimbang
29,234.46,230.49,225.74,7.36,7.48,7.91,1639.34,1637.86,1696.32,49.43,49.08,50.73,0.50,7.58333333333333,0.970549450549451,0.986373626373627,1.04307692307692,2.87179487179487,Seimbang
30,238.97,211.38,213.22,9.03,9.57,9.35,2050.00,1921.76,1893.93,49.34,50.30,49.83,0.47,9.31666666666667,0.969230769230769,1.02719141323793,1.00357781753131,2.05128205128206,Seimbang
31,229.88,228.48,236.72,7.16,7.53,6.53,1563.64,1634.43,1468.49,49.02,50.25,49.97,0.88,7.07333333333333,1.01225259189444,1.06456173421301,0.923185673892554,5.12095507382972,Seimbang
32,224.68,237.19,220.05,8.60,7.58,9.92,1835.64,1708.01,2073.75,50.60,50.45,49.72,2.03,8.7,0.988505747126437,0.871264367816092,1.14022988505747,9.34865900383142,Seimbang
33,230.53,224.23,218.08,3.51,3.81,4.03,768.70,811.60,834.92,49.24,50.94,49.36,0.45,3.78333333333333,0.927753303964758,1.00704845814978,1.06519823788546,4.8164464023495,Seimbang
34,210.62,223.17,211.18,6.26,6.30,5.57,1252.56,1335.67,1117.46,50.18,49.85,50.63,0.71,6.04333333333333,1.03585217870932,1.04247104247104,0.921676778819636,5.22154807869094,Seimbang
35,239.09,225.09,212.61,8.08,9.43,8.31,1835.25,2016.47,1678.45,50.20,50.59,50.90,1.25,8.60666666666667,0.938807126258714,1.09566227730442,0.965530596436871,6.37748515362768,Seimbang
36,234.07,237.16,214.82,9.55,9.87,9.83,2123.60,2223.73,2006.10,49.59,49.96,49.19,0.30,9.75,0.97948717948718,1.01230769230769,1.00820512820513,1.36752136752136,Seimbang
37,236.84,214.89,232.36,9.90,8.38,8.74,2227.48,1710.74,1929.29,50.83,49.25,50.77,1.38,9.00666666666667,1.09918578830496,0.930421909696521,0.97039230199852,6.61238588699729,Seimbang
38,239.61,212.08,218.55,6.12,7.09,6.46,1393.09,1428.46,1341.24,49.95,49.58,49.90,0.85,6.55666666666667,0.933401118454499,1.08134214539908,0.985256736146416,5.42280969327233,Seimbang
39,217.74,227.53,215.45,7.43,5.73,6.87,1536.92,1238.56,1406.13,50.89,50.31,49.27,1.50,6.67666666666667,1.1128307538692,0.858212680978532,1.02895656515227,9.45248793476452,Seimbang
40,225.43,228.35,232.42,7.01,6.13,6.87,1501.25,1329.80,1516.89,50.08,49.55,49.61,0.82,6.67,1.05097451274363,0.91904047976012,1.02998500749625,5.39730134932534,Seimbang
41,218.76,229.81,221.11,7.84,8.33,8.15,1629.32,1818.60,1711.94,50.79,49.86,49.70,0.43,8.10666666666667,0.967105263157895,1.02754934210526,1.00534539473684,2.19298245614035,Seimbang
42,235.89,213.54,234.51,7.12,6.65,6.60,1595.56,1349.04,1470.38,49.67,50.24,49.46,0.50,6.79,1.04860088365243,0.979381443298969,0.972017673048601,3.240058910162,Seimbang
43,218.36,212.51,228.73,3.56,4.17,3.30,738.49,841.86,717.07,49.04,49.08,50.42,0.77,3.67666666666667,0.968268359020852,1.13417951042611,0.897552130553037,8.94530069507404,Seimbang
44,219.35,229.05,227.81,4.67,4.73,5.09,973.15,1029.24,1101.58,49.27,49.26,50.61,0.39,4.83,0.966873706004141,0.979296066252588,1.05383022774327,3.58868184955141,Seimbang
45,222.96,214.69,234.19,6.49,6.16,6.21,1374.66,1256.37,1381.60,50.53,50.31,49.49,0.31,6.28666666666667,1.03234358430541,0.979851537645811,0.987804878048781,2.15623895369388,Seimbang
46,212.65,210.80,218.51,7.53,7.00,7.57,1521.19,1401.82,1571.41,50.04,49.40,50.22,0.55,7.36666666666667,1.02217194570136,0.950226244343891,1.02760180995475,3.3182503770739,Seimbang
47,216.37,238.88,212.45,8.74,9.60,8.65,1796.52,2178.59,1745.81,49.82,50.59,49.04,0.91,8.99666666666667,0.971470915153761,1.06706187476843,0.961467210077807,4.47079165122885,Seimbang
48,236.91,212.33,226.95,7.39,7.74,6.00,1663.23,1561.26,1293.61,49.37,49.50,49.27,1.59,7.04333333333333,1.04921911973497,1.09891150023663,0.851869380028396,9.87537466477363,Seimbang
49,234.86,223.75,228.17,6.55,6.87,6.12,1461.42,1460.30,1326.58,49.49,49.62,50.56,0.65,6.51333333333333,1.00562947799386,1.05475946775844,0.939611054247697,4.02592971682021,Seimbang
50,212.24,215.87,215.60,7.91,8.20,9.03,1594.88,1681.63,1849.52,50.13,50.20,50.25,1.01,8.38,0.943914081145585,0.978520286396181,1.07756563245823,5.17104216388226,Seimbang
51,236.78,230.18,213.73,6.27,6.32,5.23,1410.38,1382.00,1061.92,50.83,49.16,50.12,1.07,5.94,1.05555555555556,1.06397306397306,0.880471380471381,7.96857463524129,Seimbang
52,215.99,226.63,223.88,8.35,8.08,9.11,1713.34,1739.61,1937.57,49.54,49.80,49.57,0.93,8.51333333333333,0.980814408770556,0.949099451840251,1.07008613938919,4.6724092926129,Seimbang
53,218.74,217.51,232.45,9.47,9.25,9.55,1967.89,1911.37,2108.90,49.28,49.55,50.85,0.27,9.42333333333333,1.00495224619738,0.981605942695437,1.01344181110718,1.22627048697088,Seimbang
54,211.22,216.71,220.26,9.81,8.25,8.63,1968.46,1698.46,1805.80,49.71,49.36,49.23,1.41,8.89666666666667,1.10266017234919,0.927313600599475,0.97002622705133,6.84401148994629,Seimbang
55,216.84,211.73,227.23,7.61,6.96,8.89,1567.64,1399.96,1919.07,50.89,50.95,49.35,1.70,7.82,0.973145780051151,0.89002557544757,1.13682864450128,9.12190963341858,Seimbang
56,224.92,221.23,232.43,5.55,6.91,7.10,1185.89,1452.26,1567.74,49.64,50.74,50.04,1.46,6.52,0.851226993865031,1.05981595092025,1.08895705521472,9.91820040899795,Seimbang
57,226.28,221.58,214.59,4.32,4.16,4.65,928.65,875.68,947.95,49.71,49.14,49.85,0.43,4.37666666666667,0.987052551408987,0.950495049504951,1.06245239908606,4.16349327240416,Seimbang
58,214.23,238.84,217.38,7.62,7.13,7.27,1550.81,1617.78,1501.33,50.44,49.78,50.34,0.44,7.34,1.03814713896458,0.971389645776567,0.990463215258856,2.54314259763852,Seimbang
59,214.13,225.69,229.23,5.54,5.66,4.50,1126.97,1213.54,979.96,50.90,50.19,50.39,1.10,5.23333333333333,1.05859872611465,1.08152866242038,0.859872611464968,9.34182590233545,Seimbang
60,226.84,233.29,217.27,7.34,6.99,6.71,1581.76,1549.16,1384.99,50.18,50.38,49.21,0.55,7.01333333333333,1.04657794676806,0.996673003802282,0.956749049429658,3.10519645120405,Seimbang
61,236.32,228.83,220.37,6.00,7.92,7.18,1347.02,1721.72,1503.14,50.76,49.52,50.64,1.68,7.03333333333333,0.853080568720379,1.1260663507109,1.02085308056872,9.79462875197472,Seimbang
62,213.48,218.46,235.97,9.68,9.29,8.87,1963.16,1928.02,1988.40,50.19,50.00,50.09,0.70,9.28,1.04310344827586,1.0010775862069,0.955818965517241,2.94540229885058,Seimbang
63,228.23,220.68,231.40,5.20,5.65,5.84,1127.46,1184.50,1283.81,49.28,50.79,49.62,0.57,5.56333333333333,0.934691431995207,1.01557819053325,1.04973037747154,4.35390453365289,Seimbang
64,235.06,221.25,227.10,9.18,9.41,7.90,2049.96,1977.86,1704.39,50.48,49.26,50.70,1.41,8.83,1.039637599094,1.06568516421291,0.894677236693092,7.02151755379388,Seimbang
65,237.66,229.27,213.83,9.22,7.98,8.62,2081.66,1738.10,1751.05,49.77,49.86,49.42,1.07,8.60666666666667,1.07126258714175,0.927188226181255,1.00154918667699,4.854118254583,Seimbang
66,214.68,239.28,223.82,9.83,9.04,9.79,2004.79,2054.94,2081.64,50.79,50.54,49.80,0.77,9.55333333333333,1.02896022330775,0.946266573621773,1.02477320307048,3.58222842521517,Seimbang
67,215.50,230.88,237.63,8.48,8.51,7.94,1736.07,1866.55,1792.44,49.87,49.44,49.02,0.56,8.31,1.02045728038508,1.02406738868833,0.955475330926594,2.96831127156036,Seimbang
68,220.75,234.43,239.08,9.17,8.53,8.68,1923.06,1899.70,1971.45,49.99,49.28,50.21,0.58,8.79333333333333,1.04283548142532,0.970053070507961,0.987111448066717,2.85569876168815,Seimbang
69,219.33,232.05,237.88,6.53,5.75,6.48,1360.61,1267.57,1464.39,50.46,49.65,50.98,0.76,6.25333333333333,1.04424307036247,0.919509594882729,1.0362473347548,5.36602700781805,Seimbang
70,218.14,229.30,239.60,9.50,9.82,8.37,1968.71,2139.14,1905.18,50.21,50.60,49.47,1.32,9.23,1.02925243770314,1.06392199349946,0.9068255687974,6.21162874684002,Seimbang
71,238.10,239.08,231.60,9.11,8.03,7.67,2060.64,1823.82,1687.55,49.44,49.72,49.35,1.30,8.27,1.10157194679565,0.970979443772672,0.927448609431681,6.77146311970979,Seimbang
72,223.68,238.65,228.55,7.38,7.35,7.26,1568.22,1666.37,1576.31,49.85,49.84,49.97,0.11,7.33,1.00682128240109,1.00272851296044,0.990450204638472,0.63665302410187,Seimbang
73,238.47,213.48,225.96,5.20,4.37,4.83,1178.04,886.26,1036.82,50.05,49.06,49.55,0.72,4.8,1.08333333333333,0.910416666666667,1.00625,5.97222222222223,Seimbang
74,223.20,212.94,221.32,3.23,3.46,3.14,684.89,699.93,660.20,50.15,49.37,50.05,0.29,3.27666666666667,0.985757884028484,1.0559511698881,0.958290946083418,3.73007799253985,Seimbang
75,225.89,238.51,223.86,4.87,3.98,4.64,1045.08,901.81,986.77,50.98,50.94,50.21,0.80,4.49666666666667,1.08302446256486,0.885100074128984,1.03187546330615,7.6599950580677,Seimbang
76,231.24,218.12,230.71,7.87,7.43,8.11,1728.87,1539.60,1777.51,49.76,50.99,50.53,0.60,7.80333333333333,1.00854335753951,0.952157197778727,1.03929944468176,3.18952014808486,Seimbang
77,237.28,223.02,219.82,9.68,8.67,8.92,2182.03,1836.90,1862.75,50.66,50.69,49.51,0.91,9.09,1.06490649064906,0.953795379537954,0.981298129812981,4.32709937660433,Seimbang
78,227.73,238.90,234.64,5.44,6.49,5.42,1176.91,1472.94,1208.16,49.57,49.48,50.63,1.06,5.78333333333333,0.940634005763689,1.12219020172911,0.937175792507205,8.14601344860711,Seimbang
79,225.68,235.75,218.66,6.00,7.14,6.67,1286.38,1599.09,1385.54,50.83,49.33,49.55,0.99,6.60333333333333,0.908632004038365,1.08127208480565,1.01009591115598,6.09119973077571,Seimbang
80,210.21,220.53,216.05,4.29,3.30,3.82,856.71,691.36,784.05,49.64,50.32,49.19,0.86,3.80333333333333,1.12795793163891,0.867659947414549,1.00438212094654,8.82267017236342,Seimbang
81,227.77,222.59,211.10,6.75,6.91,6.24,1460.58,1461.19,1251.40,50.27,50.97,50.61,0.61,6.63333333333333,1.01758793969849,1.04170854271357,0.94070351758794,3.95309882747069,Seimbang
82,225.74,215.20,218.31,8.48,8.48,9.33,1818.56,1733.65,1934.99,50.90,50.36,50.80,0.85,8.76333333333333,0.96766831494865,0.96766831494865,1.0646633701027,4.31089134018004,Seimbang
83,221.24,211.55,215.07,6.68,7.14,7.23,1403.99,1434.94,1477.21,49.42,50.52,50.04,0.51,7.01666666666667,0.952019002375297,1.01757719714964,1.03040380047506,3.19873317498021,Seimbang
84,219.62,218.57,232.87,6.89,8.15,8.55,1437.52,1692.28,1891.49,49.48,50.43,49.42,1.50,7.86333333333333,0.876218736752861,1.0364561254769,1.08732513777024,8.25208421647592,Seimbang
85,236.88,233.69,215.44,7.98,6.23,7.39,1795.79,1383.09,1512.50,49.59,49.32,49.12,1.54,7.2,1.10833333333333,0.865277777777778,1.02638888888889,8.98148148148148,Seimbang
86,210.76,232.53,214.63,7.05,7.51,7.62,1411.57,1658.99,1553.71,50.90,50.27,49.17,0.52,7.39333333333333,0.95356176735798,1.01577998196574,1.03065825067629,3.09588217613466,Seimbang
87,214.68,231.78,213.62,4.77,4.66,5.44,972.82,1026.09,1103.99,49.84,49.98,49.76,0.73,4.95666666666667,0.962340282447882,0.940147948890383,1.09751176866174,6.50078457744901,Seimbang
88,234.97,210.76,228.84,6.57,6.37,7.30,1466.57,1275.41,1587.01,50.25,49.33,50.91,0.85,6.74666666666667,0.973814229249012,0.944169960474308,1.08201581027668,5.46772068511199,Seimbang
89,219.14,235.66,225.98,5.86,6.43,6.35,1219.95,1439.53,1363.22,49.04,50.73,49.36,0.53,6.21333333333333,0.9431330472103,1.03487124463519,1.02199570815451,3.79113018597997,Seimbang
90,225.56,212.18,221.77,7.60,6.05,6.95,1628.54,1219.50,1464.24,49.68,49.40,49.80,1.35,6.86666666666667,1.10679611650485,0.881067961165049,1.0121359223301,7.92880258899676,Seimbang
91,217.55,239.60,219.04,7.76,9.33,9.43,1603.78,2123.69,1962.27,50.58,49.93,50.68,1.62,8.84,0.877828054298643,1.05542986425339,1.06674208144796,8.1447963800905,Seimbang
92,235.99,219.69,220.93,9.90,9.60,9.04,2219.49,2003.57,1897.35,49.68,49.89,50.07,0.76,9.51333333333333,1.0406447091801,1.00911002102313,0.950245269796776,3.31698201354824,Seimbang
93,210.17,212.83,212.41,6.08,6.30,6.86,1213.94,1273.79,1384.28,50.47,50.56,50.47,0.70,6.41333333333333,0.948024948024948,0.982328482328482,1.06964656964657,4.64310464310465,Seimbang
94,229.09,237.08,211.55,4.56,5.25,4.41,992.42,1182.44,886.29,50.08,50.87,49.65,0.78,4.74,0.962025316455696,1.10759493670886,0.930379746835443,7.17299578059071,Seimbang
95,222.81,226.49,235.25,4.36,4.51,5.25,922.88,970.40,1173.31,49.95,49.67,50.38,0.83,4.70666666666667,0.926345609065156,0.958215297450425,1.11543909348442,7.69593956562795,Seimbang
96,233.56,232.14,221.07,6.86,8.10,7.42,1522.11,1786.32,1558.32,49.04,50.28,49.51,1.08,7.46,0.919571045576408,1.0857908847185,0.994638069705094,5.71939231456658,Seimbang
97,234.25,211.22,223.42,8.40,7.94,9.21,1869.32,1593.23,1954.81,49.54,49.74,49.24,1.11,8.51666666666667,0.986301369863014,0.932289628180039,1.08140900195695,5.42726679712981,Seimbang
98,215.12,232.74,236.86,8.10,9.39,8.85,1655.35,2076.16,1991.40,50.67,49.46,50.22,1.12,8.78,0.922551252847381,1.06947608200456,1.00797266514806,5.16324981017464,Seimbang
99,227.94,212.12,222.95,9.40,9.01,9.14,2035.50,1815.64,1935.87,49.84,50.37,49.46,0.34,9.18333333333333,1.02359346642468,0.981125226860254,0.995281306715064,1.57289776164549,Seimbang
100,229.36,225.83,233.92,6.98,7.64,8.86,1520.89,1639.07,1968.90,50.98,49.49,50.58,1.65,7.82666666666667,0.891822827938671,0.976149914821124,1.1320272572402,8.80181714934697,Seimbang
101,220.21,227.75,239.08,8.68,5.90,7.88,1911.14,1343.53,1884.94,50.93,49.97,50.87,2.48,7.48735560205413,1.15912579340204,0.787870119881052,1.05300408671691,14.1419920079298,Kurang Seimbang
102,229.06,235.48,224.30,4.59,6.68,6.39,1051.51,1574.03,1433.19,50.42,50.87,49.55,1.96,5.88817185970024,0.779608935778914,1.13522812159089,1.0851629426302,14.6927376147391,Kurang Seimbang
103,210.94,213.09,225.98,8.98,9.51,6.77,1799.53,1925.16,1453.39,49.37,49.06,49.38,2.52,8.42,1.06650831353919,1.12945368171021,0.804038004750594,13.0641330166271,Kurang Seimbang
104,212.45,216.94,212.69,9.64,6.80,6.83,2047.07,1475.72,1451.65,50.83,50.15,49.70,2.82,7.75441000592387,1.24257550374891,0.877255135724552,0.88016936052654,16.1717002499272,Kurang Seimbang
105,211.61,226.95,239.18,6.74,9.28,9.68,1425.52,2105.64,2314.52,49.09,49.26,50.05,2.76,8.56380623794608,0.786622597778467,1.08340441982886,1.12997298239267,14.2251601481022,Kurang Seimbang
106,231.73,218.06,223.66,7.26,9.58,6.22,1681.46,2088.00,1392.15,50.16,50.54,50.67,2.97,7.68521772830448,0.944154327132821,1.24593062875608,0.809915044111104,16.395375250405,Kurang Seimbang
107,234.11,218.80,234.92,7.11,5.51,7.62,1581.30,1145.31,1700.59,49.36,50.05,50.99,1.91,6.74666666666667,1.05385375494071,0.816699604743083,1.12944664031621,12.2200263504611,Kurang Seimbang
108,219.70,231.03,236.32,6.32,8.38,8.98,1319.08,1839.23,2016.05,50.39,50.30,49.47,2.42,7.89333333333333,0.800675675675676,1.06165540540541,1.13766891891892,13.2882882882883,Kurang Seimbang
109,222.52,214.29,214.93,5.65,7.54,6.88,1194.38,1534.96,1404.78,49.07,50.11,50.51,1.66,6.69,0.844544095665172,1.1270553064275,1.02840059790732,10.3637269556552,Kurang Seimbang
110,234.87,227.45,226.08,6.05,9.37,7.50,1420.57,2130.70,1694.68,49.26,50.55,50.40,2.88,7.63730150345138,0.791958827391616,1.22656638374412,0.981474788864267,15.1044255829411,Kurang Seimbang
111,236.21,213.49,238.88,9.14,6.70,6.99,2158.31,1430.06,1668.58,50.60,49.76,50.83,2.31,7.60692827725376,1.20115788334734,0.880587896901262,0.918254219751403,13.410525556489,Kurang Seimbang
112,228.29,239.58,221.52,5.06,6.20,6.72,1097.39,1411.13,1414.18,49.47,49.69,49.26,1.47,5.99333333333333,0.844271412680756,1.03448275862069,1.12124582869855,10.3819058212829,Kurang Seimbang
113,226.70,222.10,215.72,9.05,5.95,7.79,1949.05,1255.42,1596.44,50.51,50.86,50.60,2.70,7.59666666666667,1.19131197893813,0.783238262395788,1.02544975866608,14.4507825069475,Kurang Seimbang
114,226.21,218.03,218.61,9.62,9.00,6.47,2175.60,1962.19,1414.79,49.79,49.10,49.43,2.89,8.36302631432815,1.1500168489088,1.07611758560192,0.773865565489283,15.0756289673811,Kurang Seimbang
115,221.60,226.62,231.67,7.65,9.42,7.31,1610.48,2028.02,1608.83,50.36,50.03,49.81,1.96,8.12666666666667,0.941345365053322,1.1591468416735,0.899507793273175,10.6097894449002,Kurang Seimbang
116,234.10,237.38,212.13,6.55,6.07,4.47,1532.81,1441.81,948.75,50.21,49.63,50.93,1.88,5.69801038149035,1.14913964278333,1.06593858793498,0.784921769281689,14.3385487145541,Kurang Seimbang
117,218.55,234.38,216.97,7.14,9.19,9.35,1482.42,2046.25,1927.24,50.77,50.49,49.18,2.13,8.56,0.83411214953271,1.07359813084112,1.09228971962617,11.0591900311526,Kurang Seimbang
118,226.07,227.50,232.32,6.13,7.79,6.15,1316.52,1683.61,1357.33,49.84,50.26,49.99,1.65,6.69,0.916292974588939,1.1644245142003,0.919282511210762,10.9616342800199,Kurang Seimbang
119,234.22,233.75,238.15,9.43,7.96,7.20,2098.26,1767.62,1628.95,50.39,49.49,49.93,1.96,8.19666666666667,1.15046766978447,0.971126474176494,0.87840585603904,10.031177985631,Kurang Seimbang
120,220.53,218.54,214.23,7.49,7.59,5.38,1652.45,1657.67,1152.93,49.83,50.53,50.08,2.16,6.82002866102964,1.09866898505956,1.11221303534307,0.789117979597367,14.0588013601755,Kurang Seimbang
121,212.31,212.74,230.45,5.07,4.30,6.06,1022.59,869.04,1326.70,49.98,50.63,50.08,1.53,5.14333333333333,0.985742060920285,0.836033700583279,1.17822423849644,11.8816158997624,Kurang Seimbang
122,233.08,216.72,224.76,7.80,6.79,5.00,1818.60,1471.28,1124.20,50.44,50.41,49.48,2.46,6.53100473692374,1.19466338987423,1.03947123580541,0.765865374320361,15.6089750453093,Kurang Seimbang
123,235.44,219.61,216.19,1.87,2.91,2.23,440.27,639.42,482.27,50.22,49.92,49.86,0.92,2.33744977149672,0.800008265250691,1.24563200999569,0.954359724753623,16.3754673330458,Kurang Seimbang
124,231.09,233.71,215.61,7.02,5.35,4.62,1621.70,1249.97,996.21,50.59,49.83,50.96,2.13,5.6620935647613,1.23938144691987,0.94459896783597,0.816019585244157,15.9587631279915,Kurang Seimbang
125,211.87,218.14,239.68,3.84,5.33,5.36,812.86,1162.60,1283.75,49.30,50.51,49.40,1.51,4.84077071603716,0.792555623267098,1.10100176981341,1.10644260691949,13.8296251155268,Kurang Seimbang
126,211.54,221.29,237.19,4.15,5.06,3.66,834.00,1063.74,824.71,50.74,50.98,50.56,1.23,4.29,0.967365967365968,1.17948717948718,0.853146853146853,11.965811965812,Kurang Seimbang
127,215.23,239.79,214.50,5.14,4.15,5.89,1050.97,945.37,1200.23,49.86,50.74,49.61,1.51,5.06,1.01581027667984,0.820158102766799,1.16403162055336,11.9894598155468,Kurang Seimbang
128,232.79,234.22,227.90,8.02,5.39,6.02,1866.95,1263.45,1371.79,50.19,50.18,50.03,2.38,6.47777454623253,1.23804930933917,0.832736532842628,0.929214157818203,15.8699539559446,Kurang Seimbang
129,239.32,224.67,217.94,6.64,8.36,5.34,1589.38,1877.96,1164.68,49.31,50.81,49.80,2.62,6.78133088655247,0.979343100448175,1.23261748987001,0.788039409681818,15.5078326580005,Kurang Seimbang
130,212.41,217.91,234.81,5.92,9.26,8.23,1257.59,2017.46,1931.29,49.86,50.85,50.06,2.96,7.80132402282545,0.758931995043459,1.18675947114554,1.054308533811,16.0712003304361,Kurang Seimbang
131,230.33,210.36,213.32,6.95,6.50,5.21,1520.75,1298.97,1055.83,49.59,50.94,49.76,1.56,6.22,1.11736334405145,1.04501607717042,0.837620578778135,10.8252947481243,Kurang Seimbang
132,237.47,214.44,222.66,9.13,7.62,5.71,2167.21,1634.59,1272.22,50.52,49.89,49.01,2.96,7.48750978500556,1.21885895968287,1.01804560671467,0.76309543360246,15.793637759836,Kurang Seimbang
133,239.80,212.36,234.97,5.77,7.80,5.20,1383.43,1655.82,1222.19,49.79,49.98,50.94,2.36,6.25597314480652,0.922181456675631,1.24639603595239,0.83142250737198,16.4264023968259,Kurang Seimbang
134,236.92,228.60,227.59,7.51,5.71,7.32,1690.31,1240.04,1582.66,50.30,49.15,50.01,1.71,6.84666666666667,1.0968841285297,0.83398247322298,1.06913339824732,11.067835118468,Kurang Seimbang
135,222.94,229.54,222.13,3.83,5.42,5.84,853.94,1243.32,1297.53,49.21,49.99,50.91,1.84,5.02938053489848,0.76160741878872,1.07696906570419,1.16142351550709,15.8928387474187,Kurang Seimbang
136,211.11,238.42,236.99,5.73,7.60,6.21,1149.18,1721.39,1398.12,50.23,49.85,50.51,1.68,6.51333333333333,0.879733879222109,1.16683725690891,0.953428863868987,11.122483793927,Kurang Seimbang
137,227.04,223.82,219.73,0.54,0.77,0.78,121.84,172.03,171.26,49.13,50.33,49.28,0.24,0.694906009587857,0.772285466838605,1.10607850588451,1.12163602727688,15.1809688774263,Kurang Seimbang
138,226.30,214.20,222.91,6.80,4.96,7.16,1538.02,1061.73,1596.69,49.10,50.79,50.89,2.05,6.30539995562573,1.07787747543332,0.78609591117847,1.13602661338821,14.260272588102,Kurang Seimbang
139,237.23,219.60,211.90,9.01,7.93,6.32,2030.57,1654.36,1272.25,50.61,50.42,49.14,2.34,7.75333333333333,1.16208082545142,1.02278589853826,0.815133276010318,12.3244482659788,Kurang Seimbang
140,231.92,216.12,222.77,6.10,9.30,8.69,1413.84,2010.34,1934.91,50.80,49.38,49.25,2.95,8.02802435633839,0.759373667814112,1.15868502094424,1.08194131124165,16.0417554790592,Kurang Seimbang
141,235.88,216.08,220.03,6.25,4.87,7.84,1473.28,1052.67,1724.57,50.25,49.85,49.09,2.57,6.31850457230989,0.988504869083588,0.771012301175832,1.24048282974058,16.032188649372,Kurang Seimbang
142,232.32,224.65,217.27,7.12,8.79,5.37,1653.66,1974.62,1166.57,49.65,50.08,49.69,2.96,7.09240962651504,1.00361625526089,1.23934220841636,0.75704153632275,16.1972309118167,Kurang Seimbang
143,239.46,235.59,213.80,6.95,6.86,9.52,1664.62,1615.06,2036.20,49.67,50.31,49.12,2.62,7.77695132151863,0.893865549753952,0.881519924568562,1.22461452567749,14.9743017118324,Kurang Seimbang
144,223.37,227.00,219.96,4.98,4.35,3.13,1113.46,986.97,689.47,49.43,50.93,49.82,1.63,4.15581665130324,1.19950116072943,1.04622924511651,0.75426959415406,16.382027056396,Kurang Seimbang
145,231.78,227.51,237.96,7.56,9.81,8.14,1664.64,2120.28,1840.14,49.44,49.86,49.05,2.02,8.50333333333333,0.8890631125049,1.15366522932183,0.957271658173265,10.2443486214556,Kurang Seimbang
146,234.54,223.25,214.19,5.45,7.05,7.79,1214.33,1495.22,1585.11,50.72,49.36,49.40,2.07,6.76333333333333,0.805815672745195,1.04238541153277,1.15179891572203,12.945621816987,Kurang Seimbang
147,234.89,238.19,234.29,7.57,8.43,5.51,1778.14,2008.61,1290.68,50.63,50.38,50.18,2.60,7.17056275178982,1.05570906149053,1.17602622867332,0.768264709836145,15.449019344257,Kurang Seimbang
148,232.79,236.38,217.76,5.71,5.50,3.95,1330.17,1299.65,861.01,50.96,50.17,50.80,1.66,5.05539400684471,1.13029658129802,1.08758743652982,0.782115982172152,14.5256011885232,Kurang Seimbang
149,230.23,214.31,228.33,6.77,4.24,5.87,1559.35,907.82,1339.60,49.19,49.71,50.64,2.23,5.62535456243482,1.20403821440539,0.753020797047293,1.04294098854732,16.4652801968471,Kurang Seimbang
150,210.04,228.91,217.35,7.93,5.79,5.42,1666.21,1324.68,1177.12,50.86,50.69,49.23,2.35,6.37848750087207,1.24366206253943,0.907264854518565,0.849073082942009,16.2441375026284,Kurang Seimbang
151,223.72,226.61,212.62,8.82,9.55,6.17,1972.41,2164.01,1312.43,50.94,50.35,50.90,3.08,8.17957178723479,1.0778723050795,1.16746863956495,0.754659055355543,16.3560629762971,Kurang Seimbang
152,237.01,218.32,225.18,8.11,8.52,6.17,1826.04,1767.08,1319.89,50.22,49.34,49.80,2.17,7.6,1.06710526315789,1.12105263157895,0.811842105263158,12.5438596491228,Kurang Seimbang
153,234.52,211.36,227.50,9.39,7.65,6.94,2092.04,1536.06,1499.91,50.23,50.55,50.85,2.18,7.99333333333333,1.17472894078399,0.957047539616347,0.868223519599667,11.6485960522658,Kurang Seimbang
154,237.47,214.83,216.41,8.51,7.81,5.90,2019.76,1677.06,1276.73,49.54,49.78,49.04,2.34,7.40377040206784,1.14879125054463,1.05436219102087,0.796846558434506,13.5435627710329,Kurang Seimbang
155,221.09,230.11,217.69,5.63,4.23,3.84,1244.99,972.56,835.37,50.05,49.56,50.19,1.63,4.56498124806461,1.23353484862931,0.925846071428672,0.84061907994202,15.5689899086206,Kurang Seimbang
156,226.35,232.68,229.48,3.23,3.37,2.35,730.92,784.92,540.16,49.15,50.36,49.59,0.96,2.98544880261882,1.08164104686898,1.12991671605467,0.788442237076355,14.1038508615763,Kurang Seimbang
157,211.91,222.89,223.28,5.40,6.49,8.18,1143.46,1447.42,1827.01,50.75,50.70,50.84,2.43,6.69089824320367,0.806480763399794,0.970571794125062,1.22294744247514,14.8631628316763,Kurang Seimbang
158,220.81,220.37,221.92,6.03,6.79,9.66,1264.91,1421.50,2036.56,50.24,49.15,50.36,3.32,7.49333333333333,0.804715302491103,0.906138790035587,1.28914590747331,19.276393831554,Kurang Seimbang
159,224.50,221.16,230.09,1.14,1.68,1.58,255.53,372.26,362.61,49.80,50.67,49.27,0.50,1.46581150836876,0.776519133306769,1.14834401926786,1.07513684742537,14.8987244462154,Kurang Seimbang
160,227.54,212.92,217.10,4.14,6.48,5.51,941.09,1378.86,1195.22,50.92,50.32,50.76,2.04,5.37237764232189,0.769864625684869,1.20539846025897,1.02473691405616,15.3423582876754,Kurang Seimbang
161,219.03,221.12,225.08,7.73,9.30,6.23,1608.45,1953.60,1332.14,50.25,50.45,50.25,2.66,7.75333333333333,0.996990541702494,1.19948409286328,0.803525365434222,13.298939524219,Kurang Seimbang
162,227.59,211.73,238.24,4.23,4.47,5.83,962.63,945.49,1388.89,49.38,50.23,50.99,1.50,4.84163063445601,0.873588493748954,0.922312921093619,1.20409858515743,13.6065723438285,Kurang Seimbang
163,217.36,223.18,235.22,6.39,5.12,4.01,1388.75,1142.97,942.39,49.17,50.08,49.74,2.07,5.17234425453758,1.23528061504906,0.990136959637813,0.774582425313126,15.6853743366041,Kurang Seimbang
164,231.03,232.15,236.75,7.09,5.18,8.29,1637.18,1202.32,1961.98,49.53,49.24,49.14,2.71,6.85085889978263,1.0344004254587,0.755969961129547,1.20962961341175,16.2686692580302,Kurang Seimbang
165,222.05,223.40,220.68,8.14,5.86,6.14,1807.50,1308.40,1354.87,49.52,50.20,50.42,2.16,6.71211777973989,1.21273320294315,0.872574240180923,0.914692556875927,14.1822135295433,Kurang Seimbang
166,229.00,228.96,220.47,6.09,8.55,6.84,1324.88,1859.73,1432.61,50.41,49.90,49.67,2.18,7.16,0.850558659217877,1.19413407821229,0.955307262569832,12.9422718808194,Kurang Seimbang
167,231.85,213.56,233.66,8.53,7.03,6.20,1878.80,1426.26,1376.26,50.26,50.18,49.89,2.05,7.25333333333333,1.17601102941176,0.96920955882353,0.854779411764706,11.734068627451,Kurang Seimbang
168,231.94,217.72,236.24,8.08,5.28,6.56,1873.71,1149.36,1548.85,49.02,50.31,49.05,2.43,6.63788816597539,1.21700521540459,0.795308084381576,0.987686700213832,14.4670143603061,Kurang Seimbang
169,222.31,221.68,219.67,6.49,8.27,9.41,1370.65,1741.63,1963.74,50.38,50.43,49.14,2.55,8.05666666666667,0.805544062887878,1.02647910633016,1.16797683078196,12.9637291408082,Kurang Seimbang
170,224.15,238.06,237.86,6.26,9.46,7.45,1403.91,2250.90,1771.05,50.04,50.30,49.99,2.79,7.7213606344268,0.811164241361818,1.22454177839281,0.964293980245374,14.9694518928539,Kurang Seimbang
171,239.15,212.44,221.31,5.38,5.96,7.54,1222.30,1202.84,1585.24,49.63,49.06,50.85,1.94,6.29333333333333,0.854872881355932,0.947033898305085,1.19809322033898,13.2062146892655,Kurang Seimbang
172,238.87,212.55,223.88,9.96,7.72,8.08,2260.19,1558.84,1718.50,50.08,49.52,50.08,2.08,8.58666666666667,1.15993788819876,0.899068322981366,0.940993788819876,10.6625258799172,Kurang Seimbang
173,222.48,212.66,219.20,8.10,9.24,6.26,1802.84,1964.73,1372.25,49.89,49.47,50.95,2.60,7.86752870869081,1.02998711917575,1.17430055669203,0.795712324132216,13.6191783911856,Kurang Seimbang
174,238.29,212.52,220.76,5.67,6.02,7.37,1283.55,1215.40,1545.65,49.15,50.95,50.85,1.55,6.35333333333333,0.892444910807975,0.947534102833159,1.16002098635887,10.6680657572578,Kurang Seimbang
175,214.82,231.77,213.40,6.10,9.98,8.58,1244.88,2197.41,1739.42,49.31,50.74,50.30,3.40,8.22,0.742092457420924,1.21411192214112,1.04379562043796,17.1938361719384,Kurang Seimbang
176,229.15,237.66,218.55,5.70,9.26,7.84,1306.36,2200.31,1714.16,50.86,50.11,50.09,3.10,7.60085011339605,0.750025622584875,1.2180535282185,1.03192084919663,16.6649584943417,Kurang Seimbang
177,218.12,227.20,210.39,6.43,7.47,9.66,1402.83,1698.22,2031.58,50.32,50.61,50.21,2.85,7.85402195031362,0.818883379072354,0.951663832852629,1.22945278807502,15.2968525383344,Kurang Seimbang
178,238.08,220.46,218.47,7.59,6.00,9.61,1807.14,1322.42,2099.54,49.31,49.86,49.26,3.14,7.73307948541454,0.981543903355785,0.775699414627895,1.24275668201632,16.183778801088,Kurang Seimbang
179,214.35,222.73,228.83,6.96,6.70,8.98,1417.28,1417.68,1952.15,50.88,49.88,49.53,2.16,7.54666666666667,0.92226148409894,0.887809187279152,1.18992932862191,12.6619552414605,Kurang Seimbang
180,228.97,229.48,219.35,5.77,7.92,7.70,1255.10,1726.61,1604.55,50.97,49.42,50.03,2.05,7.13,0.809256661991585,1.11079943899018,1.07994389901823,12.7162225338943,Kurang Seimbang
181,217.19,226.75,238.19,8.70,6.06,7.66,1795.08,1305.40,1733.31,50.06,50.16,49.61,2.30,7.47333333333333,1.16413916146298,0.810883140053524,1.0249776984835,12.6077906630984,Kurang Seimbang
182,229.01,232.38,217.45,7.17,9.91,7.71,1559.90,2187.74,1592.71,50.54,50.25,50.84,2.51,8.26333333333333,0.867688584106495,1.19927390076644,0.933037515127067,13.2849267177625,Kurang Seimbang
183,220.14,219.42,213.32,6.76,4.62,6.97,1487.33,1014.12,1486.91,49.25,50.36,49.16,2.25,6.11616691582233,1.10466744739861,0.755663011002885,1.1396695415985,16.2891325998077,Kurang Seimbang
184,224.19,238.08,231.91,6.41,9.22,9.47,1436.87,2194.88,2196.03,49.21,49.12,49.40,2.94,8.36592895286434,0.766103480461844,1.10198648265018,1.13191003688798,15.5931013025437,Kurang Seimbang
185,226.67,228.63,232.81,5.01,5.14,7.22,1134.71,1175.50,1681.84,50.77,49.53,49.20,2.15,5.79054682434105,0.864497319627256,0.887923768533552,1.24757891183919,16.5052607892795,Kurang Seimbang
186,236.14,223.45,237.89,4.82,4.16,5.98,1081.29,883.07,1351.45,50.85,50.29,50.34,1.60,4.98666666666667,0.966577540106952,0.834224598930481,1.19919786096257,13.2798573975045,Kurang Seimbang
187,225.32,213.51,214.91,6.68,6.50,5.06,1429.88,1318.42,1033.07,50.66,50.00,49.90,1.54,6.08,1.09868421052632,1.06907894736842,0.832236842105263,11.1842105263158,Kurang Seimbang
188,237.90,218.63,237.81,4.02,4.71,5.95,956.28,1030.05,1414.85,50.15,49.91,49.60,1.69,4.89356136509337,0.821412786428501,0.962797345394184,1.21578986817732,14.385991211821,Kurang Seimbang
189,237.89,238.52,224.15,6.47,7.72,8.99,1462.19,1749.31,1914.35,50.89,50.10,50.07,2.18,7.72666666666667,0.837359792924935,0.999137187230371,1.16350301984469,10.9002013229796,Kurang Seimbang
190,220.79,239.96,213.90,1.73,1.45,2.25,381.38,346.86,482.29,50.35,49.89,50.55,0.71,1.80917250550689,0.954755321624565,0.798986889418327,1.24625778895711,16.4171859304739,Kurang Seimbang
191,217.62,222.88,217.88,5.00,6.40,4.17,1088.98,1427.19,909.42,50.44,50.35,49.32,1.95,5.19375647778963,0.96347661991232,1.23288881298391,0.80363456710377,15.525920865594,Kurang Seimbang
192,216.79,236.73,221.92,7.88,5.44,6.53,1622.89,1223.42,1376.68,49.04,49.98,50.61,2.12,6.61666666666667,1.19093198992443,0.822166246851385,0.986901763224181,12.7287993282955,Kurang Seimbang
193,218.88,223.44,237.54,6.28,8.26,5.39,1373.75,1844.95,1279.31,50.15,49.71,50.22,2.55,6.6397121192872,0.945264577710448,1.24359413858543,0.811141283704126,16.2396092390284,Kurang Seimbang
194,233.97,232.90,224.68,2.96,2.61,3.81,692.50,608.41,855.64,49.06,50.63,50.94,1.07,3.12675794559698,0.946596337162866,0.835465254288899,1.21793840854823,14.5292272365489,Kurang Seimbang
195,221.90,230.67,216.43,6.99,8.62,5.50,1551.81,1989.47,1189.67,49.10,50.59,49.83,2.71,7.03836253910461,0.993598750532554,1.22541907465084,0.780982174816602,15.0279383100563,Kurang Seimbang
196,215.60,236.06,236.30,6.31,5.35,4.77,1292.41,1199.77,1070.79,49.22,50.82,50.86,1.35,5.47666666666667,1.15216068167985,0.976871576384662,0.870967741935484,10.1440454453236,Kurang Seimbang
197,233.37,214.71,223.38,8.89,7.35,5.51,2075.13,1579.12,1230.61,49.65,49.53,50.95,2.93,7.25186712429685,1.22614678969533,1.01418116782907,0.7596720424756,16.02186383496,Kurang Seimbang
198,231.09,234.66,234.50,8.72,7.32,9.91,1914.35,1631.83,2207.70,50.45,50.36,49.30,2.25,8.65,1.00809248554913,0.846242774566474,1.14566473988439,10.2504816955684,Kurang Seimbang
199,233.40,239.59,237.67,7.36,5.70,7.75,1631.93,1297.38,1749.85,49.70,50.41,50.10,1.89,6.93666666666667,1.06102835175396,0.821720326765978,1.11725132148006,11.8853115489348,Kurang Seimbang
200,225.79,237.52,219.19,5.94,8.92,7.76,1341.48,2117.55,1701.18,50.10,50.52,50.03,2.60,7.53922112844695,0.788054028050882,1.18250648999361,1.02943948195551,14.1297314632746,Kurang Seimbang
201,220.29,234.25,212.41,8.14,8.44,0.73,808.85,1331.38,1768.31,50.81,50.84,50.13,7.57,5.7681768410788,1.41069075094721,1.46331821302122,0.125991036031567,58.2672642645622,Sangat Tidak Seimbang
202,235.46,215.56,227.76,9.63,3.32,5.74,1287.82,1517.28,1290.94,50.46,50.08,49.68,5.52,6.22969879779003,1.54592482851461,0.532338274308771,0.921736897176622,36.3949885676405,Sangat Tidak Seimbang
203,234.81,234.44,226.75,3.93,5.56,1.47,394.99,1752.32,1116.89,49.69,50.97,50.19,3.57,3.65330516837003,1.0747499610501,1.52250136963296,0.402748669316933,39.8167553788711,Sangat Tidak Seimbang
204,215.13,223.45,234.19,3.07,7.57,8.69,1673.90,163.03,2087.59,49.50,49.73,50.47,5.15,6.44214311190227,0.476334911594568,1.17544710588127,1.34821798252416,34.9110058936955,Sangat Tidak Seimbang
205,220.04,227.97,231.50,8.27,2.94,2.85,233.26,566.23,69.39,49.07,49.97,50.65,5.37,4.68582728155616,1.76457996903551,0.626614759465777,0.608805271498717,50.9719979357004,Sangat Tidak Seimbang
206,219.71,222.32,221.11,6.49,9.05,0.24,1710.47,2013.77,2236.72,49.70,49.79,50.22,7.85,5.26045175767422,1.23460264433177,1.72015562608346,0.0452417295847725,63.6505513610152,Sangat Tidak Seimbang
207,236.60,214.03,215.38,8.54,7.49,1.94,1814.59,1668.14,1047.90,50.71,50.15,49.50,6.14,5.98805459073929,1.42538509904083,1.25037171244063,0.324243188518542,45.0504540987639,Sangat Tidak Seimbang
208,212.21,217.32,226.88,0.93,4.58,0.93,390.24,1193.95,748.94,50.01,49.91,50.23,3.65,2.14538883067274,0.431623893460825,2.13419624497008,0.434179861569095,75.6130829980053,Sangat Tidak Seimbang
209,231.76,237.87,226.03,4.29,8.28,2.90,1399.64,520.44,155.83,50.92,49.99,50.64,4.84,5.15730172532278,0.832009938181592,1.60588535878121,0.562104703037203,40.3923572520804,Sangat Tidak Seimbang
210,228.45,231.12,233.27,8.65,4.22,6.18,1877.29,926.56,1369.53,50.65,49.79,49.91,3.84,6.35,1.36220472440945,0.664566929133858,0.973228346456693,24.1469816272966,Tidak Seimbang
211,235.53,213.52,234.11,6.12,6.82,3.33,1158.22,1507.61,1491.84,50.25,49.95,49.41,3.20,5.42363298508793,1.12883282579296,1.25742132774145,0.613745846465591,25.7502769022939,Sangat Tidak Seimbang
212,221.59,219.05,212.99,2.19,6.07,6.39,1721.04,592.87,960.88,49.31,49.08,49.04,4.05,4.88084019808326,0.44856737217003,1.24281826992384,1.30861435790613,36.7621751886647,Sangat Tidak Seimbang
213,211.83,239.53,223.93,0.96,6.77,3.54,743.18,665.97,1543.59,49.49,50.81,49.45,5.04,3.75655220115928,0.256635170916364,1.80127909525921,0.94208573382443,53.4186063506138,Sangat Tidak Seimbang
214,217.58,228.86,228.08,2.48,7.60,2.46,574.44,1268.63,942.81,49.92,50.82,49.51,5.13,4.17839928132894,0.592839764438177,1.81881693890434,0.588343296657485,54.5877959269559,Sangat Tidak Seimbang
215,224.30,225.30,231.95,0.58,3.86,5.31,601.85,1617.19,274.23,50.40,50.65,50.66,4.20,3.24876252810113,0.177227960679192,1.18779762286483,1.63497441645598,54.8514692880538,Sangat Tidak Seimbang
216,212.56,211.23,212.57,1.63,2.61,1.61,329.15,523.74,325.13,49.26,50.73,49.02,0.99,1.95,0.835897435897436,1.33846153846154,0.825641025641026,22.5641025641026,Tidak Seimbang
217,212.79,228.15,222.83,7.13,7.50,7.71,802.14,2237.98,15.42,50.94,49.77,50.62,0.51,7.44480804134072,0.957127035628762,1.00727346663024,1.035599497741,2.85819762474923,Seimbang
218,211.20,234.33,231.92,6.04,9.28,3.73,1971.55,2105.62,1660.66,49.12,49.97,50.75,4.82,6.35025005439833,0.951301083524685,1.46086921172362,0.587829704751698,30.7246141149078,Sangat Tidak Seimbang
219,229.25,229.94,233.74,0.31,8.23,0.78,1119.02,1779.37,201.07,50.01,50.80,49.14,7.69,3.10840534158361,0.100969615192851,2.64795168847056,0.251078696336585,109.863445898038,Sangat Tidak Seimbang
220,233.41,232.14,239.42,5.77,7.71,3.77,501.97,1518.86,188.52,50.05,49.23,50.62,3.41,5.75199029511602,1.00391907903997,1.33992134298501,0.656159577975021,22.9226948016653,Tidak Seimbang
221,215.64,217.24,235.77,4.24,6.54,9.18,1311.25,1467.22,1957.59,50.17,50.82,49.74,4.28,6.65358502283265,0.637750768064079,0.982593036843981,1.37965619509194,25.3104130061294,Sangat Tidak Seimbang
222,231.58,224.96,226.07,1.97,1.78,3.80,95.38,69.64,29.85,50.93,49.67,49.53,1.93,2.51739665200556,0.782289032158276,0.708517725340926,1.5091932425008,33.9462161667199,Sangat Tidak Seimbang
223,217.98,216.17,223.81,9.26,2.29,7.86,124.50,1579.97,282.59,50.02,49.26,49.27,6.38,6.4705788266417,1.43121473626921,0.354145025399896,1.21464023833089,43.0569983066736,Sangat Tidak Seimbang
224,227.06,217.02,223.40,6.92,5.07,8.82,2169.84,1055.71,756.39,50.85,49.54,49.06,3.25,6.93519938178252,0.997701050841321,0.730990664419321,1.27130828473936,18.0872189826239,Kurang Seimbang
225,225.16,223.74,218.31,3.43,2.94,0.87,1492.10,1287.95,256.22,50.11,50.85,49.61,2.35,2.41347446060378,1.42172799990706,1.21662922846655,0.361642771626397,42.5571485582402,Sangat Tidak Seimbang
226,214.45,227.41,238.87,2.60,0.97,5.43,629.67,1148.71,195.94,49.74,50.05,50.22,3.91,3.00098293590245,0.867172105679456,0.323930282395643,1.8088976119249,53.9265074616601,Sangat Tidak Seimbang
227,222.39,224.62,231.55,4.00,4.99,4.08,1533.88,2190.58,893.94,50.12,49.85,49.96,0.95,4.35730169826692,0.918054915831275,1.14565243749535,0.936292646673372,9.71016249969018,Seimbang
228,219.44,223.48,220.84,1.00,7.18,8.98,2016.44,2188.38,923.64,50.57,50.54,49.65,7.25,5.72194018447043,0.174725495315716,1.25564003343162,1.56963447125266,55.0183003122856,Sangat Tidak Seimbang
229,236.70,223.77,216.93,2.77,1.33,2.02,622.88,282.73,416.29,50.93,50.64,49.08,1.25,2.04,1.3578431372549,0.651960784313726,0.990196078431373,23.8562091503268,Tidak Seimbang
230,215.07,221.43,219.77,3.99,1.20,1.50,946.57,1251.52,1055.87,49.23,49.60,49.50,2.65,2.22783581876238,1.78979459486253,0.537774339236525,0.672431065900947,52.6529729908352,Sangat Tidak Seimbang
231,219.75,222.44,230.91,9.05,4.59,6.92,957.22,2144.67,1256.92,50.83,50.15,49.87,3.86,6.8556310133893,1.31988656280557,0.670091156492659,1.01002228070178,21.9939229004894,Tidak Seimbang
232,214.27,223.45,231.49,1.43,6.60,7.84,554.77,1271.04,805.23,50.84,49.47,49.35,5.89,5.29287045109093,0.270576245955967,1.24788147832625,1.48154227571778,48.6282502696022,Sangat Tidak Seimbang
233,216.55,213.88,221.24,7.41,9.07,5.73,1358.06,1840.44,2026.25,49.92,49.82,50.30,2.89,7.40311346158338,1.0014912393303,1.22489177670097,0.773616983968733,15.0922010687511,Kurang Seimbang
234,212.33,230.94,219.09,4.30,2.63,8.64,1507.45,686.93,296.06,50.28,50.46,50.81,5.37,5.18798503427451,0.827954057213355,0.507208578975777,1.66483736381087,44.3224909207245,Sangat Tidak Seimbang
235,228.67,215.64,231.72,4.75,5.74,0.40,1790.63,899.68,1579.26,50.04,50.86,50.43,4.92,3.62835939085152,1.30980070865651,1.58098218378895,0.109217107554546,59.3855261630303,Sangat Tidak Seimbang
236,221.79,218.20,220.41,7.17,4.97,9.58,1510.72,1030.23,2005.95,49.82,50.90,50.99,3.99,7.24,0.990331491712707,0.68646408839779,1.3232044198895,21.5469613259669,Tidak Seimbang
237,210.48,213.21,229.37,6.64,7.66,2.34,1244.99,1015.45,1541.66,49.82,50.10,50.22,4.89,5.54842940247306,1.19633235881301,1.3814622275428,0.422205413644196,38.5196390903869,Sangat Tidak Seimbang
238,231.46,229.93,237.12,5.86,9.92,3.00,1127.93,2237.39,843.10,49.02,49.98,50.27,6.02,6.25707437133825,0.935842026913915,1.58479856704362,0.479359406042467,38.9865711362412,Sangat Tidak Seimbang
239,227.96,227.70,232.90,5.77,9.53,3.77,1689.29,1799.13,625.09,50.77,49.45,50.63,5.06,6.35844512178566,0.90787733001701,1.49842911813926,0.593693551843733,33.2286078759505,Sangat Tidak Seimbang
240,213.83,230.31,227.21,8.59,7.75,5.42,825.10,914.86,1953.90,50.07,49.50,50.56,2.85,7.25097670081465,1.18409766157397,1.06908693237344,0.74681540605259,16.8789729298273,Kurang Seimbang
241,210.51,238.64,227.90,9.85,1.38,2.02,1089.03,1099.58,1268.48,50.50,49.72,49.03,8.17,4.41463107867718,2.23121656692032,0.311611209056201,0.457172224023477,82.0811044613548,Sangat Tidak Seimbang
242,218.57,223.09,227.57,4.96,6.77,6.71,163.73,282.67,1014.18,50.60,50.82,50.67,1.78,6.14425031044467,0.807079962283045,1.10146421712433,1.09145582059263,12.861335847797,Kurang Seimbang
243,219.76,221.29,227.74,8.54,4.33,6.83,1782.91,910.28,1477.69,49.18,49.08,49.12,3.67,6.56666666666667,1.3005076142132,0.659390862944163,1.04010152284264,22.7072758037225,Tidak Seimbang
244,227.86,234.94,215.17,7.48,9.04,4.48,584.62,834.74,922.53,49.62,49.95,50.34,4.01,6.99998836538018,1.06802878479453,1.29132774464825,0.640643470557224,23.9571019628518,Tidak Seimbang
245,228.00,225.85,225.07,5.06,2.39,5.59,1968.16,1547.79,2247.43,49.08,49.93,49.14,2.98,4.34439954913842,1.16370510756033,0.549040304767713,1.28725458767196,30.0639796821525,Sangat Tidak Seimbang
246,232.86,229.92,215.12,0.82,5.84,2.02,2201.86,1344.77,1227.27,49.08,49.42,49.16,4.54,2.89166547652476,0.283011400295476,2.01861806319769,0.698370536506831,67.9078708798462,Sangat Tidak Seimbang
247,217.13,237.13,239.88,4.60,1.01,2.27,1701.15,54.19,2243.91,50.25,49.31,49.13,3.16,2.62666488520467,1.75090366334693,0.383632397757813,0.865463938895252,50.060244223129,Sangat Tidak Seimbang
248,227.73,221.34,212.54,5.51,4.80,7.96,104.95,599.86,1593.92,50.55,50.26,49.90,2.87,6.09168967907865,0.905287855550856,0.787845470654987,1.30686667379416,20.4577782529438,Tidak Seimbang
249,234.19,225.54,232.08,5.57,8.91,3.99,1773.83,85.39,1484.71,50.27,50.04,50.44,4.35,6.15768687794282,0.904771600902171,1.44692803849664,0.64830036060119,29.7952025664426,Sangat Tidak Seimbang
250,230.73,227.94,221.23,6.62,9.33,8.78,279.25,577.17,532.13,49.67,50.26,50.01,2.48,8.24600252128999,0.802866032332018,1.13178060494611,1.06535336272187,13.1422645111988,Kurang Seimbang
251,223.79,223.34,234.51,5.55,0.95,3.67,1575.93,149.75,393.95,49.70,50.37,50.77,4.01,3.38931044102908,1.63850812635261,0.279677027428599,1.08181484621879,48.0215315047601,Sangat Tidak Seimbang
252,238.21,238.62,210.39,7.58,4.16,7.12,1715.35,943.03,1423.08,50.65,50.94,50.66,3.21,6.28666666666667,1.20572640509014,0.661717921527042,1.13255567338282,22.5521385648639,Tidak Seimbang
253,214.98,238.83,229.88,4.50,8.73,3.80,999.58,321.59,193.17,50.31,50.37,50.84,4.62,5.67864311363928,0.79254789564901,1.53745278343865,0.669999320912342,35.8301855625766,Sangat Tidak Seimbang
254,234.54,214.66,211.56,8.91,8.49,0.80,2121.23,1316.21,1213.82,50.22,50.90,49.92,7.91,6.06867926002624,1.46807749325429,1.39954765573503,0.132374851010683,57.8416765992878,Sangat Tidak Seimbang
255,210.15,238.49,223.53,5.33,8.89,5.71,1064.09,2014.17,1212.54,50.39,50.17,50.24,3.39,6.64333333333333,0.802308078273959,1.33818364274962,0.859508278976418,22.5455761833082,Tidak Seimbang
256,226.51,229.02,216.67,6.54,6.26,6.46,835.84,1670.12,60.48,50.33,50.42,50.82,0.25,6.41962444754857,1.01892994230513,0.975121236843004,1.00594882085187,1.65858421046638,Seimbang
257,238.62,228.19,229.91,9.33,5.77,6.28,2115.01,1250.82,1371.64,49.70,49.19,50.47,3.33,7.12666666666667,1.30916744621141,0.809635173058934,0.881197380729654,20.6111630807608,Tidak Seimbang
258,219.86,234.30,215.94,0.24,0.45,9.32,1169.06,195.98,1894.05,49.17,49.83,50.71,8.98,3.33315725186886,0.0708123705675358,0.134182639559029,2.79500498987344,119.666999324896,Sangat Tidak Seimbang
259,220.98,224.57,211.49,0.49,7.44,2.17,1335.64,1669.31,372.56,49.27,49.11,49.03,6.28,3.36929039763341,0.146671830994271,2.20812918619356,0.645198982812172,80.5419457462372,Sangat Tidak Seimbang
260,227.64,220.32,235.19,6.04,0.88,1.82,1420.53,1627.74,1530.57,49.70,50.89,50.92,4.76,2.91353542966091,2.07219161903597,0.301464480657159,0.62634390030687,71.4794412690648,Sangat Tidak Seimbang
261,224.29,232.33,238.55,1.51,7.90,6.00,1095.31,450.19,520.11,50.11,50.17,50.34,5.68,5.13670137250884,0.294747593358078,1.53698332427707,1.16826908236485,47.0168271094614,Sangat Tidak Seimbang
262,221.58,213.48,229.20,1.98,9.56,4.43,422.93,2091.12,1366.05,50.48,49.36,50.86,6.70,5.32508292446339,0.37227454612251,1.79568976634481,0.832035687532677,53.0459844229875,Sangat Tidak Seimbang
263,236.63,237.87,230.12,7.05,5.21,7.32,323.49,407.65,1915.55,50.73,49.51,50.45,1.99,6.5276777018935,1.08048176261986,0.797705697162834,1.1218125402173,13.4862868558111,Kurang Seimbang
264,214.29,239.91,233.76,4.29,1.99,1.23,2179.45,1920.11,346.40,50.03,49.70,49.21,2.75,2.50301090260861,1.71233661381182,0.794944466899155,0.492718919289024,47.4891075874547,Sangat Tidak Seimbang
265,225.04,237.34,226.45,6.77,8.53,5.61,629.54,578.83,204.94,49.40,50.83,50.35,2.55,6.97135016842575,0.971246959235662,1.22409946330031,0.804653577464027,14.9399642200207,Kurang Seimbang
266,233.20,210.73,219.25,3.02,1.62,0.12,1205.19,382.73,873.65,50.59,50.85,50.30,2.52,1.58769896124911,1.90365418536219,1.02236836825663,0.0739774463811882,61.7348369079208,Sangat Tidak Seimbang
267,226.08,224.14,225.06,7.98,2.64,5.48,939.67,1118.46,392.33,49.87,50.76,49.32,4.63,5.37016194993474,1.48645814988634,0.492227197432697,1.02131465268097,33.8515201711535,Sangat Tidak Seimbang
268,210.94,231.85,214.43,2.31,8.47,9.30,2244.76,152.85,2235.18,50.04,49.29,50.26,6.61,6.69078887258351,0.3452376226434,1.2653899291256,1.389372448231,43.6508251571067,Sangat Tidak Seimbang
269,218.95,231.00,219.22,5.69,6.93,5.29,340.52,776.13,2113.98,50.43,49.24,50.97,1.48,5.97206838724081,0.952920209431563,1.16077304090766,0.886306749660781,10.7182027271771,Kurang Seimbang
270,222.80,234.29,224.08,0.70,0.59,1.31,419.50,1163.57,1044.57,50.91,49.02,49.88,0.68,0.867785237643962,0.811632348770264,0.674514598061084,1.51385305316865,34.2568702112434,Sangat Tidak Seimbang
271,233.55,220.60,213.75,5.38,4.43,8.29,65.77,1232.39,714.48,50.16,50.90,50.39,3.48,6.03325472254083,0.892121644334287,0.734334897174665,1.37354345849105,24.9028972327365,Tidak Seimbang
272,211.16,228.20,219.66,8.54,5.24,8.32,232.34,339.58,1036.93,49.61,50.12,49.12,3.20,7.36503639796765,1.15917295892693,0.710964143576535,1.12986289749654,19.2690570948977,Kurang Seimbang
273,223.56,229.19,232.04,5.91,4.94,5.91,969.47,2038.74,1369.29,49.81,49.21,50.54,0.98,5.58767415241746,1.05823663215019,0.883338748571566,1.05842461927824,7.77741676189562,Seimbang
274,219.68,227.90,214.64,9.32,0.94,7.83,509.82,17.49,1586.09,49.11,50.38,49.19,7.75,6.02902904702775,1.54611471985045,0.155473036653959,1.2984122434956,56.3017975564027,Sangat Tidak Seimbang
275,238.34,226.02,214.87,1.90,1.61,0.91,1066.89,1242.68,1700.15,50.77,50.22,49.85,0.88,1.47264952919087,1.29004877094074,1.09271892010474,0.61723230895452,25.5178460696987,Sangat Tidak Seimbang
276,236.82,222.66,210.77,4.96,0.68,6.59,1014.18,1497.03,1201.40,49.80,50.77,49.16,5.29,4.07870417971105,1.21650498588212,0.167116053758661,1.61637896035922,55.5255964160892,Sangat Tidak Seimbang
277,219.66,226.85,236.48,7.87,0.94,0.12,1428.52,1406.00,982.25,49.21,49.59,50.60,7.38,2.97725607222884,2.64370426811452,0.316675851942831,0.039619879942647,109.580284540968,Sangat Tidak Seimbang
278,238.51,225.68,218.89,5.21,1.24,9.92,2074.88,1255.50,1984.85,49.46,49.37,49.25,7.53,5.45606651448594,0.954864493970531,0.227017482399133,1.81811802363034,54.5412015753557,Sangat Tidak Seimbang
279,235.46,224.96,217.95,3.72,0.37,4.94,924.92,2103.91,1738.50,50.19,49.69,49.83,4.11,3.01059821590945,1.23627083093434,0.12154205581718,1.64218711324848,58.5638629455213,Sangat Tidak Seimbang
280,231.50,213.23,227.14,3.91,5.59,8.35,147.60,1179.02,2140.19,50.02,50.02,50.45,3.89,5.95030395171373,0.656368139945204,0.939679413655455,1.40395244639934,26.9301630932894,Sangat Tidak Seimbang
281,234.74,219.82,235.40,4.22,2.22,2.69,239.29,2065.97,1857.13,49.69,50.87,50.05,1.81,3.04292960947739,1.38618955980844,0.729396764888056,0.884413675303506,25.7459706538958,Sangat Tidak Seimbang
282,238.82,217.97,231.92,5.42,2.40,7.19,1455.61,471.09,170.60,50.50,50.68,50.27,4.20,5.00297393719547,1.08308117199167,0.479469205293221,1.43744962271511,34.7020529804519,Sangat Tidak Seimbang
283,223.74,217.68,226.25,5.74,4.51,8.25,447.54,222.18,2232.06,50.35,49.06,49.67,3.31,6.16744190711835,0.931184393415773,0.730673920171268,1.33814168641296,22.5427790941973,Tidak Seimbang
284,213.26,211.35,231.29,3.79,1.22,5.43,695.20,1970.75,292.71,49.75,49.30,49.09,3.68,3.47834593758907,1.08821220659428,0.350502290147941,1.56128550325778,43.2998473234706,Sangat Tidak Seimbang
285,215.31,213.87,228.97,5.30,9.55,8.15,1084.09,1940.34,1772.80,50.18,50.35,49.83,3.75,7.66666666666667,0.691304347826087,1.24565217391304,1.06304347826087,20.5797101449275,Tidak Seimbang
286,233.96,221.03,217.33,8.50,9.86,0.08,1826.95,883.87,1921.75,50.34,49.86,50.81,9.18,6.14712498656673,1.38217281100697,1.60464793225273,0.0131792567403,65.7880495506467,Sangat Tidak Seimbang
287,222.09,233.41,235.12,4.87,7.89,0.47,1109.01,1144.97,1648.70,49.81,50.52,50.98,6.46,4.41131901936955,1.105097952303,1.78866705658992,0.106234991107081,59.5843339261946,Sangat Tidak Seimbang
288,230.91,221.77,214.66,6.71,3.36,5.47,1471.94,707.89,1115.48,50.66,50.95,50.47,2.93,5.18,1.2953667953668,0.648648648648649,1.05598455598456,23.4234234234234,Tidak Seimbang
289,221.85,231.77,225.98,0.18,7.26,1.52,375.93,128.07,2036.88,50.30,49.51,49.72,6.52,2.98495667314417,0.0587312022028075,2.43294159001034,0.508327207786849,95.5294393340229,Sangat Tidak Seimbang
290,218.46,217.51,239.73,5.72,6.69,8.83,1264.74,58.08,1913.07,49.40,49.40,49.63,2.75,7.07982038082626,0.80802015408503,0.945151539590847,1.24682830632412,16.4552204216082,Kurang Seimbang
291,216.77,236.87,238.01,5.25,0.33,7.91,2059.52,402.58,1841.41,50.89,49.78,49.57,6.66,4.49775878434781,1.16666347397326,0.0740334558299881,1.75930307019675,61.7311029446675,Sangat Tidak Seimbang
292,231.68,232.77,231.54,3.18,2.01,6.85,1834.66,1362.50,1863.74,49.73,50.06,49.54,4.37,4.01049168515264,0.792346343240937,0.500843949475985,1.70680970728308,47.1206471522052,Sangat Tidak Seimbang
293,230.24,212.09,233.44,5.13,7.66,3.12,30.64,1917.75,1727.22,50.46,50.71,50.22,3.94,5.30322009215408,0.967417341088775,1.4443606570466,0.588222001864623,29.6240438031068,Sangat Tidak Seimbang
294,235.10,221.76,239.52,0.60,0.84,1.19,2015.32,892.45,1144.84,49.16,49.94,49.39,0.51,0.877061742805266,0.682473538934998,0.962385004493691,1.35514145657131,23.6760971047541,Tidak Seimbang
295,217.11,217.30,218.78,1.34,1.08,8.63,161.20,2195.87,2253.25,49.66,49.78,50.33,7.43,3.68455300024505,0.362919794233118,0.293710163543661,2.34337004222322,89.5580028148814,Sangat Tidak Seimbang
296,233.58,213.55,225.73,3.49,7.96,0.18,99.90,5.31,344.57,49.12,50.71,50.94,6.76,3.87617881388613,0.900259538997211,2.05261870344462,0.0471217575581723,70.1745802296411,Sangat Tidak Seimbang
297,219.79,235.56,235.70,1.85,5.70,3.13,1763.85,1267.61,1982.10,49.84,50.45,50.32,3.39,3.55874083294435,0.520761530039203,1.60100713746511,0.878231332495691,40.0671424976737,Sangat Tidak Seimbang
298,213.11,215.24,234.55,1.30,1.90,0.84,2073.36,1928.67,597.54,50.91,50.18,49.25,0.93,1.34631671881562,0.964640765147174,1.41458227259352,0.620776962259303,27.6388181729016,Sangat Tidak Seimbang
299,237.36,223.75,211.45,9.25,6.85,2.57,2247.54,1025.52,1397.69,49.70,50.94,49.67,5.87,6.22188351588548,1.48723173471343,1.10050392075138,0.412264344535194,39.182377030987,Sangat Tidak Seimbang
300,220.89,220.87,221.47,5.95,6.00,7.50,891.60,1020.45,1631.45,50.85,50.94,49.35,1.53,6.47962582024975,0.917512044736713,0.925593340983649,1.15689461427964,10.4596409519758,Kurang Seimbang
301,214.60,225.93,222.81,8.68,9.00,6.98,1940.23,407.32,28.01,50.46,49.54,50.46,1.88,8.21880775078527,1.0561854189474,1.09459739385674,0.849217187195859,10.0521875202761,Kurang Seimbang
302,238.91,225.61,225.07,1.17,3.89,7.14,265.55,833.74,1526.65,50.70,50.89,50.52,5.18,4.06666666666667,0.287704918032787,0.95655737704918,1.75573770491803,50.3825136612022,Sangat Tidak Seimbang
303,228.27,217.65,211.31,8.32,8.42,8.53,1470.47,1285.17,1299.61,49.54,49.85,50.68,0.18,8.42248424940063,0.987660437346157,0.999465209205772,1.01287435344807,0.858290229871391,Seimbang
304,237.40,228.66,222.26,2.72,6.50,9.87,613.44,1411.98,2084.02,49.52,49.81,50.91,6.20,6.36333333333333,0.42744892613934,1.02147721320063,1.55107386066003,38.1700715907107,Sangat Tidak Seimbang
305,225.55,210.44,223.22,4.42,4.51,0.66,947.08,901.63,139.96,50.49,50.32,49.98,3.81,3.19666666666667,1.38269030239833,1.41084462982273,0.206465067778936,52.9023288147376,Sangat Tidak Seimbang
306,227.72,214.56,217.30,7.10,0.37,3.60,1535.97,75.42,743.17,50.42,49.90,50.04,5.83,3.69,1.92411924119241,0.100271002710027,0.975609756097561,61.6079494128275,Sangat Tidak Seimbang
307,211.12,229.23,235.67,2.22,7.97,5.23,445.25,1735.61,1170.93,50.16,49.75,50.47,4.98,5.14,0.431906614785992,1.55058365758755,1.01750972762646,37.8728923476005,Sangat Tidak Seimbang
308,218.12,222.08,217.97,6.80,5.97,6.15,1534.53,2001.28,958.19,49.33,50.63,49.80,0.76,6.30667390690712,1.07889655123655,0.945912765819052,0.975190682944399,5.25977008243667,Seimbang
309,214.20,214.09,225.73,1.82,9.57,4.49,370.35,1946.40,962.85,49.67,49.21,49.20,6.82,5.29333333333333,0.343828715365239,1.80793450881612,0.84823677581864,53.8623005877414,Sangat Tidak Seimbang
310,239.70,216.39,223.60,4.14,6.62,0.51,942.74,1360.88,108.33,49.26,50.30,50.69,5.32,3.75666666666667,1.10204081632653,1.76220053238687,0.135758651286602,57.6160899142266,Sangat Tidak Seimbang
311,220.78,237.12,235.85,3.59,8.32,1.16,752.97,1874.20,259.91,49.01,50.74,49.75,6.31,4.35666666666667,0.824024483550115,1.9097169089518,0.266258607498087,60.6477939301199,Sangat Tidak Seimbang
312,229.73,227.82,234.09,9.74,9.04,0.78,2125.69,1956.52,173.46,50.78,49.63,49.28,8.63,6.52,1.49386503067485,1.38650306748466,0.119631901840491,58.6912065439673,Sangat Tidak Seimbang
313,231.47,239.12,238.39,1.14,9.67,4.24,1292.48,500.98,1645.60,49.66,49.04,50.82,7.48,5.01549721343953,0.226476013041571,1.92853883629033,0.844985150668098,61.9025890860221,Sangat Tidak Seimbang
314,226.46,228.40,239.55,2.93,0.65,0.09,630.35,141.04,20.48,50.63,49.41,49.30,2.61,1.22333333333333,2.39509536784741,0.53133514986376,0.0735694822888283,93.0063578564941,Sangat Tidak Seimbang
315,219.49,217.88,236.72,6.26,9.15,0.90,2078.75,762.23,1407.33,50.15,49.49,50.71,7.25,5.43524715282949,1.15121661979027,1.68364381655179,0.165139563657937,55.6573624228042,Sangat Tidak Seimbang
316,221.03,235.26,221.95,8.93,2.72,9.66,1875.11,607.91,2036.84,50.62,49.30,49.20,6.61,7.10333333333333,1.25715626466448,0.382918817456593,1.35992491787893,41.1387455028938,Sangat Tidak Seimbang
317,224.87,223.19,229.26,4.82,3.37,9.36,1502.15,826.82,1153.69,50.74,49.38,49.78,5.41,5.85203000412724,0.82382848039816,0.576477348908618,1.59969417069322,39.9796113795481,Sangat Tidak Seimbang
318,229.40,220.89,232.92,4.04,9.72,2.31,1331.85,2093.01,365.21,50.70,49.47,49.12,6.72,5.35671722903943,0.753412782182245,1.81514786112444,0.431439356693311,54.3431907416296,Sangat Tidak Seimbang
319,215.86,233.07,224.95,3.16,9.55,3.87,648.01,2114.53,827.03,50.37,49.28,49.26,6.07,5.52666666666667,0.571773220747889,1.72798552472859,0.700241254523522,48.5323683152392,Sangat Tidak Seimbang
320,236.96,234.41,228.20,0.75,9.85,5.69,168.83,2193.49,1233.54,50.86,50.47,50.01,7.89,5.43,0.138121546961326,1.81399631675875,1.04788213627993,57.4585635359116,Sangat Tidak Seimbang
321,235.53,226.56,216.30,9.65,4.97,0.02,2159.22,1069.70,4.11,50.39,50.74,49.02,8.34,4.88,1.97745901639344,1.01844262295082,0.00409836065573771,66.3934426229508,Sangat Tidak Seimbang
322,215.91,224.69,233.13,8.19,7.21,7.92,593.60,1424.34,1427.72,50.66,49.38,49.93,0.88,7.77271442576672,1.05432111892005,0.927330933731769,1.01834794734818,4.84460441788208,Seimbang
323,236.32,220.52,222.02,1.66,7.80,8.42,372.68,1634.05,1775.94,49.32,51.00,49.30,6.47,5.96,0.278523489932886,1.30872483221477,1.41275167785235,48.0984340044743,Sangat Tidak Seimbang
324,227.10,232.65,226.95,3.34,1.31,0.24,720.59,289.53,51.74,50.74,49.43,49.22,2.73,1.63,2.04907975460123,0.803680981595092,0.147239263803681,69.9386503067485,Sangat Tidak Seimbang
325,210.61,233.78,235.33,4.35,2.49,3.59,268.83,1409.14,2226.19,50.01,49.78,50.11,1.62,3.47917297991314,1.25136303355068,0.715853287311043,1.03278367913827,18.9431141792638,Kurang Seimbang
326,234.28,225.42,221.20,3.43,9.63,9.39,763.40,2062.25,1973.21,50.23,50.13,49.92,6.08,7.48333333333333,0.458351893095768,1.28685968819599,1.25478841870824,36.1098737936154,Sangat Tidak Seimbang
327,234.68,215.46,234.91,5.64,6.93,1.68,1257.42,1418.48,374.92,49.69,49.45,50.02,4.74,4.75,1.18736842105263,1.45894736842105,0.353684210526316,43.0877192982456,Sangat Tidak Seimbang
328,232.63,239.26,210.54,3.64,3.29,6.55,602.99,760.57,1273.56,49.20,50.85,49.45,3.09,4.49262567699185,0.80971496482645,0.733237981348813,1.45704705382474,30.4698035883158,Sangat Tidak Seimbang
329,217.96,235.15,226.12,0.94,0.01,5.04,194.64,2.23,1082.66,50.31,50.97,50.38,4.64,1.99666666666667,0.470784641068447,0.00500834724540902,2.52420701168614,101.613800779076,Sangat Tidak Seimbang
330,212.20,212.32,235.12,1.96,9.84,1.62,1696.19,627.29,299.80,50.17,49.40,50.85,8.05,4.47308969381879,0.438035022777082,2.19880245934964,0.363162517873282,79.9201639566424,Sangat Tidak Seimbang
331,212.52,226.08,214.58,1.35,6.30,9.13,272.56,1353.09,1861.16,50.94,49.34,49.86,6.82,5.59333333333333,0.241358760429082,1.12634088200238,1.63230035756853,50.5760826380612,Sangat Tidak Seimbang
332,211.08,217.20,215.36,0.61,0.62,2.60,122.32,127.93,531.94,50.87,49.73,50.79,1.99,1.27666666666667,0.477806788511749,0.485639686684073,2.03655352480418,69.1035683202785,Sangat Tidak Seimbang
333,227.44,236.33,230.52,3.81,1.42,2.95,1612.84,1517.44,1939.49,50.90,49.93,50.84,2.10,2.73054659222994,1.39649037576671,0.521342693833277,1.08216693040002,31.9104870777815,Sangat Tidak Seimbang
334,227.35,229.00,234.00,3.23,3.85,7.82,697.62,837.57,1738.39,49.21,49.65,50.32,4.31,4.96666666666667,0.650335570469799,0.775167785234899,1.5744966442953,38.2997762863535,Sangat Tidak Seimbang
335,222.62,234.63,227.62,5.23,2.46,6.36,883.22,822.63,404.74,50.85,50.40,50.57,3.47,4.68256441770815,1.11728761336478,0.525346288076702,1.35736609855851,31.6435807948866,Sangat Tidak Seimbang
336,225.67,224.22,216.15,8.77,1.89,2.40,1880.17,402.59,492.82,50.74,50.34,49.17,6.64,4.35333333333333,2.0145482388974,0.434150076569678,0.551301684532925,67.6365492598265,Sangat Tidak Seimbang
337,220.27,227.58,219.92,1.76,5.30,2.24,1946.56,1948.45,251.42,50.43,49.66,49.45,3.33,3.09990588096012,0.568647709559155,1.70979568779743,0.721556602643419,47.3197125198284,Sangat Tidak Seimbang
338,231.75,218.03,225.25,8.39,4.74,8.38,1535.17,1116.32,2122.15,49.93,50.87,49.32,3.64,7.16854231294272,1.17018651150849,0.661474792794463,1.16833869569705,22.5683471470358,Tidak Seimbang
339,221.27,224.78,210.59,6.10,2.69,8.00,1282.26,574.43,1600.48,50.27,50.09,49.92,4.66,5.59666666666667,1.08993448481239,0.480643240023824,1.42942227516379,34.6237839984118,Sangat Tidak Seimbang
340,210.73,217.42,220.87,4.69,0.95,0.48,938.91,196.22,100.72,49.99,50.41,49.39,4.00,2.04,2.29901960784314,0.465686274509804,0.235294117647059,86.6013071895425,Sangat Tidak Seimbang
341,239.00,230.15,239.91,4.11,1.45,2.77,933.18,317.03,631.32,50.32,50.68,49.52,2.30,2.77666666666667,1.48019207683073,0.522208883553421,0.997599039615846,32.0128051220488,Sangat Tidak Seimbang
342,233.10,230.03,218.79,3.11,3.77,0.41,688.69,823.85,85.22,50.95,50.24,50.43,3.08,2.43,1.2798353909465,1.55144032921811,0.168724279835391,55.4183813443073,Sangat Tidak Seimbang
343,236.76,211.69,232.13,2.90,6.73,9.44,652.27,1353.44,2081.74,49.75,50.28,50.63,5.69,6.35666666666667,0.456213948610383,1.05873099108547,1.48505506030414,36.2524034259745,Sangat Tidak Seimbang
344,219.92,229.86,234.28,6.63,8.31,6.25,927.79,983.92,893.54,50.08,50.01,49.80,1.90,7.06509273075171,0.938269182499819,1.17659617152963,0.885134645970551,11.7730781019753,Kurang Seimbang
345,213.04,237.33,238.03,2.65,9.96,1.73,536.33,2245.62,391.20,49.79,50.69,50.28,7.81,4.78,0.554393305439331,2.0836820083682,0.361924686192469,72.2454672245467,Sangat Tidak Seimbang
346,230.88,210.86,224.16,1.84,0.62,8.46,403.58,124.20,1801.57,50.76,50.35,49.98,7.31,3.64,0.505494505494506,0.17032967032967,2.32417582417582,88.2783882783883,Sangat Tidak Seimbang
347,214.77,217.44,237.77,5.68,4.41,3.74,1776.61,1474.79,836.48,50.57,50.51,50.98,1.70,4.6080252470587,1.23160563138967,0.956802710729317,0.811591657881015,15.4403754259779,Kurang Seimbang
348,212.92,228.61,211.97,3.49,7.16,2.06,705.94,1555.01,414.83,49.06,50.32,50.10,4.56,4.23666666666667,0.823760818253344,1.69000786782061,0.486231313926042,46.0005245213742,Sangat Tidak Seimbang
349,217.64,215.37,214.90,8.89,2.79,2.05,1596.58,1573.81,977.70,50.00,50.76,50.50,6.50,4.57535510899604,1.94292935868871,0.609998384801203,0.447072256510086,62.8619572459141,Sangat Tidak Seimbang
350,237.85,220.74,222.44,1.93,3.98,4.67,436.10,834.62,986.86,50.76,49.35,49.96,2.47,3.52666666666667,0.547258979206049,1.12854442344045,1.3241965973535,30.1827347195967,Sangat Tidak Seimbang
351,215.08,236.30,216.15,0.82,3.87,8.65,167.55,868.76,1776.21,50.24,49.06,50.95,6.84,4.44666666666667,0.184407796101949,0.870314842578711,1.94527736131934,63.0184907546227,Sangat Tidak Seimbang
352,234.30,233.51,218.12,9.96,7.34,2.78,2216.95,1628.27,576.05,50.96,50.48,50.57,6.29,6.69333333333333,1.48804780876494,1.09661354581673,0.415338645418327,38.9774236387782,Sangat Tidak Seimbang
353,226.28,213.87,217.15,6.56,2.84,2.71,1410.18,577.02,559.05,49.14,50.39,50.23,3.79,4.03666666666667,1.62510322047894,0.70355078447564,0.671345995045417,41.6735480319295,Sangat Tidak Seimbang
354,237.45,216.86,215.34,9.94,2.73,5.39,2242.24,562.43,1102.65,50.36,50.35,50.54,6.32,6.02,1.65116279069767,0.453488372093023,0.895348837209302,43.4108527131783,Sangat Tidak Seimbang
355,214.85,219.29,227.29,6.42,9.90,1.26,1310.37,2062.42,272.07,50.77,49.07,49.62,7.53,5.86,1.09556313993174,1.68941979522184,0.215017064846416,52.3321956769056,Sangat Tidak Seimbang
356,235.21,234.03,213.96,8.13,6.33,7.53,1689.04,1799.66,84.67,50.17,50.70,50.61,1.59,7.32999000978542,1.10905756850524,0.86314108217402,1.02780134932074,9.12392785506536,Seimbang
357,223.97,212.28,229.58,2.12,1.55,7.28,451.08,312.58,1587.78,50.38,49.79,50.27,5.47,3.65,0.580821917808219,0.424657534246575,1.99452054794521,66.3013698630137,Sangat Tidak Seimbang
358,238.16,220.72,213.10,1.04,6.27,5.10,1232.83,831.50,1762.69,50.89,50.97,50.71,4.75,4.13638846853676,0.251447359870354,1.51527303629326,1.23327960383639,49.9035093419764,Sangat Tidak Seimbang
359,221.55,235.57,232.50,3.13,6.05,3.27,658.78,1353.94,722.26,50.67,50.24,49.43,2.85,4.15,0.75421686746988,1.45783132530121,0.787951807228916,30.5220883534137,Sangat Tidak Seimbang
360,223.84,212.39,239.00,0.18,1.91,9.50,636.65,516.73,1604.79,50.78,49.38,50.49,8.59,3.8640100912843,0.0477565282053705,0.493145506251772,2.45909796554286,97.2731977028572,Sangat Tidak Seimbang
361,225.05,238.49,214.68,0.13,4.08,7.03,27.79,924.39,1433.74,50.08,50.34,49.63,6.00,3.74666666666667,0.0346975088967972,1.08896797153025,1.87633451957295,64.3534994068802,Sangat Tidak Seimbang
362,220.87,226.57,232.26,8.91,7.01,6.15,2151.19,1201.51,2087.04,49.66,49.66,50.19,2.44,7.35883829761564,1.21078771924874,0.952979105839545,0.836233174911716,14.0525146165826,Kurang Seimbang
363,224.78,226.66,215.29,7.47,1.25,7.97,1595.15,269.16,1630.07,49.44,50.33,49.85,6.48,5.56333333333333,1.34272019173158,0.224685440383463,1.43259436788496,51.6876373077691,Sangat Tidak Seimbang
364,210.28,214.88,232.09,0.27,6.29,0.23,53.94,1284.02,50.71,49.35,49.95,49.21,6.04,2.26333333333333,0.119293078055965,2.77908689248895,0.101620029455081,118.605792832597,Sangat Tidak Seimbang
365,216.47,215.17,236.89,8.11,6.23,0.82,1667.79,1273.48,184.54,50.94,49.93,49.14,6.56,5.05333333333333,1.60488126649077,1.23284960422164,0.162269129287599,55.8487247141601,Sangat Tidak Seimbang
366,212.38,233.76,210.66,6.76,2.70,0.76,591.89,30.06,635.22,49.69,50.44,49.42,5.30,3.40515190872596,1.98383919498443,0.793223560100737,0.222937244914831,65.5892796656288,Sangat Tidak Seimbang
367,229.36,223.52,227.42,4.06,3.78,6.95,884.64,802.66,1501.54,49.96,49.40,49.74,3.04,4.93,0.823529411764706,0.766734279918864,1.40973630831643,27.315753887762,Sangat Tidak Seimbang
368,214.96,238.72,221.16,3.55,6.20,2.62,767.72,897.54,1930.28,49.12,50.86,49.07,3.22,4.12267014464075,0.859913197571398,1.5044155223489,0.635671280079698,33.627701489927,Sangat Tidak Seimbang
369,215.86,217.39,228.23,2.47,1.61,0.27,2007.54,1157.80,362.73,50.31,50.12,50.77,1.92,1.44875126904772,1.70457241969874,1.10998456562979,0.185443014671468,54.3037990219021,Sangat Tidak Seimbang
370,212.99,228.53,234.62,3.21,1.83,6.32,510.51,1082.66,1886.96,49.99,50.64,49.49,3.98,3.78501225725179,0.849005427092158,0.482568661874277,1.66842591103356,44.5617274022377,Sangat Tidak Seimbang
371,215.23,231.13,227.66,1.98,2.65,6.02,534.87,633.22,610.05,50.54,49.65,49.82,3.75,3.54930467166928,0.557037171804934,0.748018670559302,1.69494415763576,46.3296105090509,Sangat Tidak Seimbang
372,221.10,230.15,238.83,9.56,0.30,9.14,2008.03,65.59,2073.76,50.13,49.89,49.02,9.06,6.33333333333333,1.50947368421053,0.0473684210526316,1.44315789473684,63.5087719298246,Sangat Tidak Seimbang
373,229.56,237.98,213.74,9.16,4.31,2.16,1997.63,974.41,438.59,49.45,49.54,50.56,6.21,5.21,1.75815738963532,0.827255278310941,0.414587332053743,50.5438259756878,Sangat Tidak Seimbang
374,238.08,214.02,211.10,8.89,2.22,9.64,2010.70,451.37,1933.25,49.32,50.38,50.92,7.07,6.91666666666667,1.28530120481928,0.320963855421687,1.39373493975904,45.2690763052209,Sangat Tidak Seimbang
375,227.84,237.26,237.97,3.59,6.02,1.94,1017.96,2231.31,944.95,50.07,49.65,50.88,3.56,3.85253443727889,0.931714772977158,1.56379581999247,0.504489407030371,37.5863879994981,Sangat Tidak Seimbang
376,229.26,230.94,231.22,8.02,5.00,1.22,1746.73,1096.96,267.98,49.12,49.33,50.93,5.90,4.74666666666667,1.68960674157303,1.05337078651685,0.257022471910112,49.5318352059925,Sangat Tidak Seimbang
377,234.91,226.84,220.46,1.76,8.97,2.40,277.36,830.59,2074.06,50.48,50.55,50.16,6.92,4.3783408821162,0.401386370094861,2.04968059922232,0.548933030682817,69.9787066148215,Sangat Tidak Seimbang
378,217.12,210.79,225.57,9.54,7.93,0.55,1967.76,1587.99,117.86,50.16,50.87,50.99,8.30,6.00666666666667,1.58823529411765,1.32019977802442,0.0915649278579356,60.5623381428043,Sangat Tidak Seimbang
379,217.78,230.90,238.88,4.85,6.78,2.84,128.82,1304.01,997.74,50.67,50.90,49.61,3.41,4.82444635754428,1.00567785138957,1.40558119642665,0.588740952183778,27.4172698544148,Sangat Tidak Seimbang
380,239.04,215.43,216.97,5.71,4.03,1.04,837.70,327.71,1598.66,50.85,49.41,49.85,4.10,3.59133086493439,1.58985434379958,1.12117659538681,0.288969060813614,47.4020626124257,Sangat Tidak Seimbang
381,217.50,238.29,233.13,2.35,4.66,0.96,1302.48,290.66,1308.78,50.08,49.43,49.34,3.24,2.6548205644156,0.884616319540934,1.75510916730828,0.360274513150788,50.3406111538852,Sangat Tidak Seimbang
382,216.03,239.29,227.67,2.88,5.44,6.26,1641.11,1259.94,191.41,50.97,49.56,49.04,3.05,4.85786914732047,0.593252320172213,1.11904149612821,1.28770618369957,27.1165119885191,Sangat Tidak Seimbang
383,229.91,234.68,237.77,3.00,8.29,3.00,655.24,1848.22,677.64,50.52,50.61,49.43,5.29,4.76333333333333,0.629811056682995,1.74037788663401,0.629811056682995,49.3585257756006,Sangat Tidak Seimbang
384,222.85,213.41,212.56,0.90,2.88,4.22,190.54,583.89,852.15,50.59,50.39,49.04,2.89,2.66666666666667,0.3375,1.08,1.5825,44.1666666666667,Sangat Tidak Seimbang
385,232.39,234.32,221.97,9.49,4.16,5.52,2095.11,926.03,1164.01,50.75,49.24,50.39,4.80,6.39,1.48513302034429,0.651017214397496,0.863849765258216,32.3422013562859,Sangat Tidak Seimbang
386,233.84,234.39,216.74,8.15,4.97,1.99,1810.51,1106.67,409.75,50.45,49.91,49.61,5.34,5.03666666666667,1.61813368630046,0.986763732627399,0.395102581072138,41.2089124200309,Sangat Tidak Seimbang
387,235.59,233.17,227.86,8.17,0.77,5.49,1828.53,170.56,1188.40,50.73,50.37,49.27,6.49,4.81,1.6985446985447,0.16008316008316,1.14137214137214,55.994455994456,Sangat Tidak Seimbang
388,212.82,219.86,213.12,0.92,3.53,4.99,186.00,737.30,1010.30,50.86,49.01,50.27,3.57,3.14666666666667,0.292372881355932,1.12182203389831,1.58580508474576,47.1751412429379,Sangat Tidak Seimbang
389,236.01,221.90,229.32,1.76,9.20,9.84,394.61,1939.41,2143.68,50.26,50.76,50.78,7.78,6.93333333333333,0.253846153846154,1.32692307692308,1.41923076923077,49.7435897435897,Sangat Tidak Seimbang
390,239.50,236.67,222.17,7.33,0.75,2.37,1249.24,765.34,1311.89,49.21,50.63,50.46,5.94,3.48223495384975,2.10559811294843,0.214891075654152,0.679510811397413,73.706540863229,Sangat Tidak Seimbang
391,212.58,221.01,220.35,3.86,1.51,7.38,1846.83,1346.77,1485.19,50.19,50.84,49.55,5.12,4.24973174083385,0.9073870797755,0.355542687378535,1.73707023284597,49.1380155230644,Sangat Tidak Seimbang
392,234.60,217.90,231.19,5.98,4.75,0.33,2063.15,1942.53,215.78,49.84,50.87,49.45,5.15,3.68743009283984,1.62181225698177,1.28917253706522,0.0890152059530115,60.7323196031326,Sangat Tidak Seimbang
393,228.33,215.74,218.78,4.93,1.74,7.88,1888.47,1465.07,1446.95,50.24,49.51,49.15,5.31,4.8487499251096,1.01617447987953,0.359433294093989,1.62439222602649,42.7044470604008,Sangat Tidak Seimbang
394,227.45,214.69,224.56,7.84,4.39,0.93,421.82,1040.45,1660.57,50.38,50.90,49.03,5.99,4.38470557777157,1.78792368063238,1.00065274406411,0.211423575303516,52.5717616464323,Sangat Tidak Seimbang
395,218.81,220.45,238.38,4.97,5.25,8.68,1033.11,1099.49,1965.68,49.57,50.56,49.79,3.58,6.3,0.788888888888889,0.833333333333333,1.37777777777778,25.1851851851852,Sangat Tidak Seimbang
396,225.48,223.47,211.49,8.10,2.94,0.31,930.90,1540.00,357.80,49.96,50.32,50.30,6.87,3.78257286207739,2.14266945881398,0.776482034096335,0.0808485070896848,76.177963920932,Sangat Tidak Seimbang
397,228.06,219.30,210.46,3.14,8.76,2.74,1869.73,397.54,683.39,49.30,50.76,50.10,5.84,4.87861921635527,0.642614131296109,1.79613843835459,0.561247430349305,53.0758958903057,Sangat Tidak Seimbang
398,225.34,235.87,210.76,3.59,8.67,9.65,768.52,1942.74,1932.14,50.27,49.65,50.57,5.63,7.30333333333333,0.491556366955728,1.18712916476495,1.32131446827932,33.8962422029515,Sangat Tidak Seimbang
399,228.80,221.39,216.71,2.50,1.78,5.06,778.46,85.52,1226.95,50.95,49.66,50.21,2.98,3.11267104051577,0.803114950890742,0.572538177985664,1.62434687112359,41.6231247415729,Sangat Tidak Seimbang
400,213.81,236.90,230.04,8.45,1.28,4.20,1716.36,288.07,917.86,49.09,50.21,49.08,6.24,4.64333333333333,1.81981335247667,0.275664034458004,0.904522613065327,54.6542234984446,Sangat Tidak Seimbang
